id,baseSalary,contingency,dueFullTime,valideFrom,valideTo,tredicesima,thirteenMonth,quattordicesima,fourteenMonth,contract_id
1,1749,0,17.49,"2013-01-01 00:00:00",NULL,1,11,1,6,1
2,1553,0,15.53,"2013-01-01 00:00:00",NULL,1,11,1,6,2
3,1367,0,13.67,"2013-01-01 00:00:00",NULL,1,11,1,6,3
4,1253,0,12.53,"2013-01-01 00:00:00",NULL,1,11,1,6,4
5,1139,0,11.39,"2013-01-01 00:00:00",NULL,1,11,1,6,5
6,1067,0,10.67,"2013-01-01 00:00:00",NULL,1,11,1,6,6
7,1005,0,10.05,"2013-01-01 00:00:00",NULL,1,11,1,6,7
8,1749.07,540.37,22.8944,"2013-10-01 00:00:00","2015-04-01 00:00:00",1,11,1,6,8
9,1755.11,540.37,22.9548,"2015-04-01 00:00:00","2015-11-01 00:00:00",0,11,1,6,8
10,1801.15,540.37,23.4152,"2015-11-01 00:00:00","2016-06-01 00:00:00",1,11,0,6,8
11,1827.19,540.37,23.6756,"2016-06-01 00:00:00","2017-08-01 00:00:00",1,11,1,6,8
12,1896.64,540.37,24.3701,"2018-03-01 00:00:00",NULL,1,11,1,6,8
13,2470.2,0,24.702,"2013-10-01 00:00:00","2015-04-01 00:00:00",1,11,1,6,9
14,2496.24,0,24.9624,"2015-04-01 00:00:00","2015-11-01 00:00:00",0,11,1,6,9
15,2522.28,0,25.2228,"2015-11-01 00:00:00","2016-06-01 00:00:00",1,11,0,6,9
16,2548.32,0,25.4832,"2016-06-01 00:00:00","2017-08-01 00:00:00",1,11,1,6,9
17,2589.99,0,25.8999,"2017-08-01 00:00:00","2018-03-01 00:00:00",1,11,0,6,9
18,2617.77,0,26.1777,"2018-03-01 00:00:00",NULL,1,11,1,6,9
19,1575.56,537.52,21.1308,"2013-10-01 00:00:00","2015-04-01 00:00:00",1,11,1,6,10
20,1599.02,537.52,21.3654,"2015-04-01 00:00:00","2015-11-01 00:00:00",0,11,1,6,10
21,1622.48,537.52,21.6,"2015-11-01 00:00:00","2016-06-01 00:00:00",1,11,0,6,10
22,1645.94,537.52,21.8346,"2016-06-01 00:00:00","2017-08-01 00:00:00",1,11,1,6,10
23,1683.47,537.52,22.2099,"2017-08-01 00:00:00","2018-03-01 00:00:00",1,11,0,6,10
24,1708.49,537.52,22.4601,"2018-03-01 00:00:00",NULL,1,11,1,6,10
25,1362.85,532.54,18.9539,"2013-10-01 00:00:00","2015-04-01 00:00:00",1,11,1,6,11
26,1383.14,532.54,19.1568,"2015-04-01 00:00:00","2015-11-01 00:00:00",0,11,1,6,11
27,1403.43,532.54,19.3597,"2015-11-01 00:00:00","2016-06-01 00:00:00",1,11,0,6,11
28,1423.72,532.54,19.5626,"2016-06-01 00:00:00","2017-08-01 00:00:00",1,11,1,6,11
29,1456.19,532.54,19.8873,"2017-08-01 00:00:00","2018-03-01 00:00:00",1,11,0,6,11
30,1477.84,532.54,20.1038,"2018-03-01 00:00:00",NULL,1,11,1,6,11
31,1164.87,527.9,16.9277,"2013-10-01 00:00:00","2015-04-01 00:00:00",1,11,1,6,12
32,1182.21,527.9,17.1011,"2015-04-01 00:00:00","2015-11-01 00:00:00",0,11,1,6,12
33,1199.55,527.9,17.2745,"2015-11-01 00:00:00","2016-06-01 00:00:00",1,11,0,6,12
34,1216.89,527.9,17.4479,"2016-06-01 00:00:00","2017-08-01 00:00:00",1,11,1,6,12
35,1244.64,527.9,17.7254,"2017-08-01 00:00:00","2018-03-01 00:00:00",1,11,0,6,12
36,1263.15,527.9,17.9105,"2018-03-01 00:00:00",NULL,1,11,1,6,12
37,1007.46,524.22,15.3168,"2013-10-01 00:00:00","2015-04-01 00:00:00",1,11,1,6,13
38,1022.46,524.22,15.4668,"2015-04-01 00:00:00","2015-11-01 00:00:00",0,11,1,6,13
39,1037.46,524.22,15.6168,"2015-11-01 00:00:00","2016-06-01 00:00:00",1,11,0,6,13
40,1052.56,524.22,15.7678,"2016-06-01 00:00:00","2017-08-01 00:00:00",1,11,1,6,13
41,1076.46,524.22,16.0068,"2017-08-01 00:00:00","2018-03-01 00:00:00",1,11,0,6,13
42,1092.46,524.22,16.1668,"2018-03-01 00:00:00",NULL,1,11,1,6,13
43,910.18,521.94,14.3212,"2013-10-01 00:00:00","2015-04-01 00:00:00",1,11,1,6,14
44,923.73,521.94,14.4567,"2015-04-01 00:00:00","2015-11-01 00:00:00",0,11,1,6,14
45,937.28,521.94,14.5922,"2015-11-01 00:00:00","2016-06-01 00:00:00",1,11,0,6,14
46,950.83,521.94,14.7277,"2016-06-01 00:00:00","2017-08-01 00:00:00",1,11,1,6,14
47,972.51,521.94,14.9445,"2017-08-01 00:00:00","2018-03-01 00:00:00",1,11,0,6,14
48,987.01,521.94,15.0895,"2018-03-01 00:00:00",NULL,1,11,1,6,14
49,817.16,519.76,13.3692,"2013-10-01 00:00:00","2015-04-01 00:00:00",1,11,1,6,15
50,829.33,519.76,13.4909,"2015-04-01 00:00:00","2015-11-01 00:00:00",0,11,1,6,15
51,841.5,519.76,13.6126,"2015-11-01 00:00:00","2016-06-01 00:00:00",1,11,0,6,15
52,853.67,519.76,13.7343,"2016-06-01 00:00:00","2017-08-01 00:00:00",1,11,1,6,15
53,873.14,519.76,13.929,"2017-08-01 00:00:00","2018-03-01 00:00:00",1,11,0,6,15
54,886.11,519.76,14.0587,"2018-03-01 00:00:00",NULL,1,11,1,6,15
55,704.74,517.51,12.2225,"2013-10-01 00:00:00","2015-04-01 00:00:00",1,11,1,6,16
56,715.16,517.51,12.3267,"2015-04-01 00:00:00","2015-11-01 00:00:00",0,11,1,6,16
57,725.58,517.51,12.4309,"2015-11-01 00:00:00","2016-06-01 00:00:00",1,11,0,6,16
58,736,517.51,12.5351,"2016-06-01 00:00:00","2017-08-01 00:00:00",1,11,1,6,16
59,752.67,517.51,12.7018,"2017-08-01 00:00:00","2018-03-01 00:00:00",1,11,0,6,16
60,763.8,517.51,12.8131,"2018-03-01 00:00:00",NULL,1,11,1,6,16
61,1007.46,524.22,15.3168,"2013-10-01 00:00:00","2015-04-01 00:00:00",1,11,1,6,17
62,1022.46,524.22,15.4668,"2015-04-01 00:00:00","2015-11-01 00:00:00",0,11,1,6,17
63,1037.46,524.22,15.6168,"2015-11-01 00:00:00","2016-06-01 00:00:00",1,11,0,6,17
64,1052.46,524.22,15.7668,"2016-06-01 00:00:00","2017-08-01 00:00:00",1,11,1,6,17
65,1076.46,524.22,16.0068,"2017-08-01 00:00:00","2018-03-01 00:00:00",1,11,0,6,17
66,1092.46,524.22,16.1668,"2018-03-01 00:00:00",NULL,1,11,1,6,17
67,1164.87,527.9,16.9277,"2013-10-01 00:00:00","2015-04-01 00:00:00",1,11,1,6,18
68,1182.21,527.9,17.1011,"2015-04-01 00:00:00","2015-11-01 00:00:00",0,11,1,6,18
69,1199.55,527.9,17.2745,"2015-11-01 00:00:00","2016-06-01 00:00:00",1,11,0,6,18
70,1216.89,527.9,17.4479,"2016-06-01 00:00:00","2017-08-01 00:00:00",1,11,1,6,18
71,1244.64,527.9,17.7254,"2017-08-01 00:00:00","2018-03-01 00:00:00",1,11,0,6,18
72,1263.15,527.9,17.9105,"2018-03-01 00:00:00",NULL,1,11,1,6,18
73,910.18,521.94,14.3212,"2013-10-01 00:00:00","2015-04-01 00:00:00",1,11,1,6,19
74,923.73,521.94,14.4567,"2015-04-01 00:00:00","2015-11-01 00:00:00",0,11,1,6,19
75,937.28,521.94,14.5922,"2015-11-01 00:00:00","2016-06-01 00:00:00",1,11,0,6,19
76,950.83,521.94,14.7277,"2016-06-01 00:00:00","2017-08-01 00:00:00",1,11,1,6,19
77,972.51,521.94,14.9445,"2017-08-01 00:00:00","2018-03-01 00:00:00",1,11,0,6,19
78,987.01,521.94,15.0895,"2018-03-01 00:00:00",NULL,1,11,1,6,19
79,1007.46,524.22,15.3168,"2013-10-01 00:00:00","2015-04-01 00:00:00",1,11,1,6,20
80,1022.46,524.22,15.4668,"2015-04-01 00:00:00","2015-11-01 00:00:00",0,11,1,6,20
81,1037.46,524.22,15.6168,"2015-11-01 00:00:00","2016-06-01 00:00:00",1,11,0,6,20
82,1052.46,524.22,15.7668,"2016-06-01 00:00:00","2017-08-01 00:00:00",1,11,1,6,20
83,1076.46,524.22,16.0068,"2017-08-01 00:00:00","2018-03-01 00:00:00",1,11,0,6,20
84,1092.46,524.22,16.1668,"2018-03-01 00:00:00",NULL,1,11,1,6,20
85,817.16,519.76,13.3692,"2013-10-01 00:00:00","2015-04-01 00:00:00",1,11,1,6,21
86,841.5,519.76,13.6126,"2015-11-01 00:00:00","2015-11-01 00:00:00",0,11,0,6,21
87,841.5,519.76,13.6126,"2015-11-01 00:00:00","2016-06-01 00:00:00",1,11,0,6,21
88,853.67,519.76,13.7343,"2016-06-01 00:00:00","2017-08-01 00:00:00",1,11,1,6,21
89,873.14,519.76,13.929,"2017-08-01 00:00:00","2018-03-01 00:00:00",1,11,0,6,21
90,886.11,519.76,14.0587,"2018-03-01 00:00:00",NULL,1,11,1,6,21
91,910.18,521.94,14.3212,"2013-10-01 00:00:00","2015-04-01 00:00:00",1,11,1,6,22
92,923.73,521.94,14.4567,"2015-04-01 00:00:00","2015-11-01 00:00:00",0,11,1,6,22
93,937.28,521.94,14.5922,"2015-11-01 00:00:00","2016-06-01 00:00:00",1,11,0,6,22
94,950.83,521.94,14.7277,"2016-06-01 00:00:00","2017-08-01 00:00:00",1,11,1,6,22
95,972.51,521.94,14.9445,"2017-08-01 00:00:00","2018-03-01 00:00:00",1,11,0,6,22
96,987.01,521.94,15.0895,"2018-03-01 00:00:00",NULL,1,11,1,6,22
97,704.74,519.76,12.245,"2013-10-01 00:00:00","2015-04-01 00:00:00",1,11,1,6,23
98,715.15,519.76,12.3491,"2015-04-01 00:00:00","2015-11-01 00:00:00",0,11,1,6,23
99,725.58,519.76,12.4534,"2015-11-01 00:00:00","2016-06-01 00:00:00",1,11,0,6,23
100,736,519.76,12.5576,"2016-06-01 00:00:00","2017-08-01 00:00:00",1,11,1,6,23
101,752.67,519.76,12.7243,"2017-08-01 00:00:00","2018-03-01 00:00:00",1,11,0,6,23
102,763.8,519.76,12.8356,"2018-03-01 00:00:00",NULL,1,11,1,6,23
103,817.16,519.76,13.3692,"2013-10-01 00:00:00","2015-04-01 00:00:00",1,11,1,6,24
104,829.33,519.76,13.4909,"2015-04-01 00:00:00","2015-11-01 00:00:00",0,11,1,6,24
105,841.5,519.76,13.6126,"2015-11-01 00:00:00","2016-06-01 00:00:00",1,11,0,6,24
106,853.67,519.76,13.7343,"2016-06-01 00:00:00","2017-08-01 00:00:00",1,11,1,6,24
107,873.14,519.76,13.929,"2017-08-01 00:00:00","2018-03-01 00:00:00",1,11,0,6,24
108,886.11,519.76,14.0587,"2018-03-01 00:00:00",NULL,1,11,1,6,24
109,704.74,517.51,12.2225,"2013-10-01 00:00:00","2015-04-01 00:00:00",1,11,1,6,25
110,715.16,517.51,12.3267,"2015-04-01 00:00:00","2015-11-01 00:00:00",0,11,1,6,25
111,725.58,517.51,12.4309,"2015-11-01 00:00:00","2016-06-01 00:00:00",1,11,0,6,25
112,736,517.51,12.5351,"2016-06-01 00:00:00","2017-08-01 00:00:00",1,11,1,6,25
113,752.67,517.51,12.7018,"2017-08-01 00:00:00","2018-03-01 00:00:00",1,11,0,6,25
114,763.8,517.51,12.8131,"2018-03-01 00:00:00",NULL,1,11,1,6,25
115,817.16,519.76,13.3692,"2013-10-01 00:00:00","2015-04-01 00:00:00",1,11,1,6,26
116,829.33,519.76,13.4909,"2015-04-01 00:00:00","2015-11-01 00:00:00",0,11,1,6,26
117,841.5,519.76,13.6126,"2015-11-01 00:00:00","2016-06-01 00:00:00",1,11,0,6,26
118,853.67,519.76,13.7343,"2016-06-01 00:00:00","2017-08-01 00:00:00",1,11,1,6,26
119,873.14,519.76,13.929,"2017-08-01 00:00:00","2018-03-01 00:00:00",1,11,0,6,26
120,886.11,519.76,14.0587,"2018-03-01 00:00:00",NULL,1,11,1,6,26
121,796.8,526.11,13.2291,"2013-10-01 00:00:00","2015-04-01 00:00:00",1,11,1,6,27
122,808.69,526.11,13.348,"2015-04-01 00:00:00","2015-11-01 00:00:00",0,11,1,6,27
123,820.58,526.11,13.4669,"2015-11-01 00:00:00","2016-06-01 00:00:00",1,11,0,6,27
124,832.47,526.11,13.5858,"2016-06-01 00:00:00","2017-08-01 00:00:00",1,11,1,6,27
125,851.49,526.11,13.776,"2017-08-01 00:00:00","2018-03-01 00:00:00",1,11,0,6,27
126,864.18,526.11,13.9029,"2018-03-01 00:00:00",NULL,1,11,1,6,27
127,951.01,530.04,14.8105,"2013-10-01 00:00:00","2015-04-01 00:00:00",1,11,1,6,28
128,965.17,530.04,14.9521,"2015-04-01 00:00:00","2015-11-01 00:00:00",0,11,1,6,28
129,979.33,530.04,15.0937,"2015-11-01 00:00:00","2016-06-01 00:00:00",1,11,0,6,28
130,993.49,530.04,15.2353,"2016-06-01 00:00:00","2017-08-01 00:00:00",1,11,1,6,28
131,1016.15,530.04,15.4619,"2017-08-01 00:00:00","2018-03-01 00:00:00",1,11,0,6,28
132,1031.24,530.04,15.6128,"2018-03-01 00:00:00",NULL,1,11,1,6,28
133,796.8,526.11,13.2291,"2013-10-01 00:00:00","2015-04-01 00:00:00",1,11,1,6,29
134,808.69,526.11,13.348,"2015-04-01 00:00:00","2015-11-01 00:00:00",0,11,1,6,29
135,820.58,526.11,13.4669,"2015-11-01 00:00:00","2016-06-01 00:00:00",1,11,0,6,29
136,832.47,526.11,13.5858,"2016-06-01 00:00:00","2017-08-01 00:00:00",1,11,1,6,29
137,851.49,526.11,13.776,"2017-08-01 00:00:00","2018-03-01 00:00:00",1,11,0,6,29
138,864.18,526.11,13.9029,"2018-03-01 00:00:00",NULL,1,11,1,6,29
139,1007.46,524.22,15.3168,"2013-10-01 00:00:00",NULL,1,11,1,6,30
140,1164.87,527.9,16.9277,"2013-10-01 00:00:00",NULL,1,11,1,6,31
141,910.18,521.94,14.3212,"2013-10-01 00:00:00",NULL,1,11,1,6,32
142,1007.46,524.22,15.3168,"2013-10-01 00:00:00",NULL,1,11,1,6,33
143,817.16,519.76,13.3692,"2013-10-01 00:00:00",NULL,1,11,1,6,34
144,910.18,521.94,14.3212,"2013-10-01 00:00:00",NULL,1,11,1,6,35
145,704.74,517.51,12.2225,"2013-10-01 00:00:00",NULL,1,11,1,6,36
146,817.16,519.76,13.3692,"2013-10-01 00:00:00",NULL,1,11,1,6,37
147,704.74,517.51,12.2225,"2013-10-01 00:00:00",NULL,1,11,1,6,38
148,817.16,519.76,13.3692,"2013-10-01 00:00:00",NULL,1,11,1,6,39
149,954,424.47,13.7847,"2013-10-01 00:00:00",NULL,1,11,1,6,40
150,1158.42,428.67,15.8709,"2013-10-01 00:00:00",NULL,1,11,1,6,41
151,815.41,420.77,12.3618,"2013-10-01 00:00:00",NULL,1,11,1,6,42
152,990.14,424.93,14.1507,"2013-10-01 00:00:00",NULL,1,11,1,6,43
153,705.22,417.83,11.2305,"2013-10-01 00:00:00",NULL,1,11,1,6,44
154,856.34,421.97,12.7831,"2013-10-01 00:00:00",NULL,1,11,1,6,45
155,637.13,416.31,10.5344,"2013-10-01 00:00:00",NULL,1,11,1,6,46
156,773.65,420.13,11.9378,"2013-10-01 00:00:00",NULL,1,11,1,6,47
157,572.01,414.28,9.8629,"2013-10-01 00:00:00",NULL,1,11,1,6,48
158,694.59,418.38,11.1297,"2013-10-01 00:00:00",NULL,1,11,1,6,49
159,951.01,530.04,14.8105,"2013-10-01 00:00:00","2015-04-01 00:00:00",1,11,1,6,50
160,965.17,530.04,14.9521,"2015-04-01 00:00:00","2015-11-01 00:00:00",0,11,1,6,50
161,979.33,530.04,15.0937,"2015-11-01 00:00:00","2016-06-01 00:00:00",1,11,0,6,50
162,993.49,530.04,15.2353,"2016-06-01 00:00:00","2017-08-01 00:00:00",1,11,1,6,50
163,1016.15,530.04,15.4619,"2017-08-01 00:00:00","2018-03-01 00:00:00",1,11,0,6,50
164,1031.24,530.04,15.6128,"2018-03-01 00:00:00",NULL,1,11,1,6,50
165,796.8,526.11,13.2291,"2013-10-01 00:00:00","2015-04-01 00:00:00",1,11,1,6,51
166,808.69,526.11,13.348,"2015-04-01 00:00:00","2015-11-01 00:00:00",0,11,1,6,51
167,820.58,526.11,13.4669,"2015-11-01 00:00:00","2016-06-01 00:00:00",1,11,0,6,51
168,832.47,526.11,13.5858,"2016-06-01 00:00:00","2017-08-01 00:00:00",1,11,1,6,51
169,851.49,526.11,13.776,"2017-08-01 00:00:00",NULL,1,11,1,6,51
170,1749.07,540.37,22.8944,"2013-10-01 00:00:00","2016-07-01 00:00:00",1,11,1,6,52
171,1827.19,540.37,23.6756,"2016-07-01 00:00:00","2016-11-01 00:00:00",0,11,1,6,52
172,1854.97,540.37,23.9534,"2016-11-01 00:00:00","2017-08-01 00:00:00",1,11,1,6,52
173,1896.64,540.37,24.3701,"2017-08-01 00:00:00",NULL,1,11,1,6,52
174,1575.56,537.52,21.1308,"2013-10-01 00:00:00","2016-07-01 00:00:00",1,11,1,6,53
175,1645.93,537.52,21.8345,"2016-07-01 00:00:00","2016-11-01 00:00:00",0,11,1,6,53
176,1670.95,537.52,22.0847,"2016-11-01 00:00:00","2017-08-01 00:00:00",1,11,1,6,53
177,1708.48,537.52,22.46,"2017-08-01 00:00:00",NULL,1,11,1,6,53
178,1362.85,532.54,18.9539,"2013-10-01 00:00:00","2016-07-01 00:00:00",1,11,1,6,54
179,1423.72,532.54,19.5626,"2016-07-01 00:00:00","2016-11-01 00:00:00",0,11,1,6,54
180,1445.36,532.54,19.779,"2016-11-01 00:00:00","2017-08-01 00:00:00",1,11,1,6,54
181,1447.83,532.54,19.8037,"2017-08-01 00:00:00",NULL,1,11,1,6,54
182,1164.87,527.9,16.9277,"2013-10-01 00:00:00","2016-07-01 00:00:00",1,11,1,6,55
183,1216.89,527.9,17.4479,"2016-07-01 00:00:00","2016-11-01 00:00:00",0,11,1,6,55
184,1235.39,527.9,17.6329,"2016-11-01 00:00:00","2017-08-01 00:00:00",1,11,1,6,55
185,1263.14,527.9,17.9104,"2017-08-01 00:00:00",NULL,1,11,1,6,55
186,1007.46,524.22,15.3168,"2013-10-01 00:00:00","2016-07-01 00:00:00",1,11,1,6,56
187,1052.46,524.22,15.7668,"2016-07-01 00:00:00","2016-11-01 00:00:00",0,11,1,6,56
188,1068.46,524.22,15.9268,"2016-11-01 00:00:00","2017-08-01 00:00:00",1,11,1,6,56
189,1092.46,524.22,16.1668,"2017-08-01 00:00:00",NULL,1,11,1,6,56
190,910.18,521.94,14.3212,"2013-10-01 00:00:00","2016-07-01 00:00:00",1,11,1,6,57
191,950.83,521.94,14.7277,"2016-07-01 00:00:00","2016-11-01 00:00:00",0,11,1,6,57
192,965.29,521.94,14.8723,"2016-11-01 00:00:00","2017-08-01 00:00:00",1,11,1,6,57
193,986.97,521.94,15.0891,"2017-08-01 00:00:00",NULL,1,11,1,6,57
194,817.16,519.76,13.3692,"2013-10-01 00:00:00","2016-07-01 00:00:00",1,11,1,6,58
195,853.67,519.76,13.7343,"2016-07-01 00:00:00","2016-11-01 00:00:00",0,11,1,6,58
196,866.65,519.76,13.8641,"2016-11-01 00:00:00","2017-08-01 00:00:00",1,11,1,6,58
197,886.12,519.76,14.0588,"2017-08-01 00:00:00",NULL,1,11,1,6,58
198,699.58,517.51,12.1709,"2013-10-01 00:00:00","2016-07-01 00:00:00",1,11,1,6,59
199,730.84,517.51,12.4835,"2016-07-01 00:00:00","2016-11-01 00:00:00",0,11,1,6,59
200,741.95,517.51,12.5946,"2016-11-01 00:00:00","2017-08-01 00:00:00",1,11,1,6,59
201,758.62,517.51,12.7613,"2017-08-01 00:00:00",NULL,1,11,1,6,59
202,951.01,530.04,14.8105,"2013-10-01 00:00:00","2016-07-01 00:00:00",1,11,1,6,60
203,993.49,530.04,15.2353,"2016-07-01 00:00:00","2016-11-01 00:00:00",0,11,1,6,60
204,1008.59,530.04,15.3863,"2016-11-01 00:00:00","2017-08-01 00:00:00",1,11,1,6,60
205,1031.25,530.04,15.6129,"2017-08-01 00:00:00",NULL,1,11,1,6,60
206,796.8,526.11,13.2291,"2013-10-01 00:00:00","2016-07-01 00:00:00",1,11,1,6,61
207,832.46,526.11,13.5857,"2016-07-01 00:00:00","2016-11-01 00:00:00",0,11,1,6,61
208,845.14,526.11,13.7125,"2016-11-01 00:00:00","2017-08-01 00:00:00",1,11,1,6,61
209,864.16,526.11,13.9027,"2017-08-01 00:00:00",NULL,1,11,1,6,61
210,1007.46,524.22,15.3168,"2013-10-01 00:00:00",NULL,1,11,1,6,62
211,1164.87,527.9,16.9277,"2013-10-01 00:00:00",NULL,1,11,1,6,63
212,910.18,521.94,14.3212,"2013-10-01 00:00:00",NULL,1,11,1,6,64
213,1007.46,524.22,15.3168,"2013-10-01 00:00:00",NULL,1,11,1,6,65
214,817.16,519.76,13.3692,"2013-10-01 00:00:00",NULL,1,11,1,6,66
215,910.18,521.94,14.3212,"2013-10-01 00:00:00",NULL,1,11,1,6,67
216,699.58,517.51,12.1709,"2013-10-01 00:00:00",NULL,1,11,1,6,68
217,817.16,519.76,13.3692,"2013-10-01 00:00:00",NULL,1,11,1,6,69
218,699.58,517.51,12.1709,"2013-10-01 00:00:00",NULL,1,11,1,6,70
219,817.16,519.76,13.3692,"2013-10-01 00:00:00",NULL,1,11,1,6,71
220,1007.46,524.22,15.3168,"2013-10-01 00:00:00",NULL,1,11,1,6,72
221,1164.87,527.9,16.9277,"2013-10-01 00:00:00",NULL,1,11,1,6,73
222,910.18,521.94,14.3212,"2013-10-01 00:00:00",NULL,1,11,1,6,74
223,1007.46,524.22,15.3168,"2013-10-01 00:00:00",NULL,1,11,1,6,75
224,817.16,519.76,13.3692,"2013-10-01 00:00:00",NULL,1,11,1,6,76
225,910.18,521.94,14.3212,"2013-10-01 00:00:00",NULL,1,11,1,6,77
226,699.58,517.51,12.1709,"2013-10-01 00:00:00",NULL,1,11,1,6,78
227,817.16,519.76,13.3692,"2013-10-01 00:00:00",NULL,1,11,1,6,79
228,699.58,517.51,12.1709,"2013-10-01 00:00:00",NULL,1,11,1,6,80
229,817.16,519.76,13.3692,"2013-10-01 00:00:00",NULL,1,11,1,6,81
230,954,424.47,13.7847,"2013-10-01 00:00:00",NULL,1,11,1,6,82
231,1158.42,428.67,15.8709,"2013-10-01 00:00:00",NULL,1,11,1,6,83
232,815.41,420.77,12.3618,"2013-10-01 00:00:00",NULL,1,11,1,6,84
233,990.14,424.93,14.1507,"2013-10-01 00:00:00",NULL,1,11,1,6,85
234,705.22,417.83,11.2305,"2013-10-01 00:00:00",NULL,1,11,1,6,86
235,856.34,421.97,12.7831,"2013-10-01 00:00:00",NULL,1,11,1,6,87
236,637.13,416.31,10.5344,"2013-10-01 00:00:00",NULL,1,11,1,6,88
237,773.65,420.13,11.9378,"2013-10-01 00:00:00",NULL,1,11,1,6,89
238,572.01,414.28,9.8629,"2013-10-01 00:00:00",NULL,1,11,1,6,90
239,694.59,418.38,11.1297,"2013-10-01 00:00:00",NULL,1,11,1,6,91
240,1570.25,0,15.7025,"2013-10-01 00:00:00",NULL,1,11,1,6,92
241,1570.25,0,15.7025,"2013-10-01 00:00:00",NULL,1,11,1,6,92
242,1770.49,0,17.7049,"2013-10-01 00:00:00",NULL,1,11,1,6,93
243,1665.09,0,16.6509,"2013-10-01 00:00:00",NULL,1,11,1,6,94
244,1401.62,0,14.0162,"2013-10-01 00:00:00",NULL,1,11,1,6,95
245,1454.31,0,14.5431,"2013-10-01 00:00:00",NULL,1,11,1,6,96
246,1285.71,0,12.8571,"2013-10-01 00:00:00",NULL,1,11,1,6,97
247,1327.86,0,13.2786,"2013-10-01 00:00:00",NULL,1,11,1,6,98
248,1233.01,0,12.3301,"2013-10-01 00:00:00",NULL,1,11,1,6,99
249,1264.65,0,12.6465,"2013-10-01 00:00:00",NULL,1,11,1,6,100
250,1169.78,0,11.6978,"2013-10-01 00:00:00",NULL,1,11,1,6,101
251,1201.41,0,12.0141,"2013-10-01 00:00:00",NULL,1,11,1,6,102
252,1085.47,0,10.8547,"2013-10-01 00:00:00",NULL,1,11,1,6,103
253,2288.33,0,22.8833,"2014-07-01 00:00:00",NULL,1,11,1,6,104
254,2209.4,0,22.094,"2014-07-01 00:00:00",NULL,1,11,1,6,105
255,2111,0,21.11,"2014-07-01 00:00:00",NULL,1,11,1,6,106
256,1972.73,0,19.7273,"2013-01-01 00:00:00",NULL,1,11,1,6,107
257,1666.79,0,16.6679,"2013-01-01 00:00:00",NULL,1,11,1,6,108
258,1532.16,0,15.3216,"2013-01-01 00:00:00",NULL,1,11,1,6,109
259,1471.66,0,14.7166,"2013-01-01 00:00:00",NULL,1,11,1,6,110
260,1354,0,13.54,"2013-01-01 00:00:00",NULL,1,11,1,6,111
261,2334.84,0,23.3484,"2013-01-01 00:00:00",NULL,1,11,1,6,112
262,2252.64,0,22.5264,"2013-01-01 00:00:00",NULL,1,11,1,6,113
263,2056.05,0,20.5605,"2013-01-01 00:00:00",NULL,1,11,1,6,114
264,1964.97,0,19.6497,"2014-07-01 00:00:00",NULL,1,11,1,6,115
265,1964.97,0,19.6497,"2014-07-01 00:00:00",NULL,1,11,1,6,116
266,1964.97,0,19.6497,"2014-07-01 00:00:00",NULL,1,11,1,6,117
267,1743.9,0,17.439,"2014-07-01 00:00:00",NULL,1,11,1,6,118
268,1655.11,0,16.5511,"2014-07-01 00:00:00",NULL,1,11,1,6,119
269,1538.1,0,15.381,"2014-07-01 00:00:00",NULL,1,11,1,6,120
270,1417.65,0,14.1765,"2014-07-01 00:00:00",NULL,1,11,1,6,121
271,1324.35,0,13.2435,"2014-07-01 00:00:00",NULL,1,11,1,6,122
272,1964.97,0,19.6497,"2014-07-01 00:00:00",NULL,1,11,1,6,123
273,1324.35,0,13.2435,"2014-07-01 00:00:00",NULL,1,11,1,6,124
274,1417.65,0,14.1765,"2014-07-01 00:00:00",NULL,1,11,1,6,125
275,1972.73,0,19.7273,"2013-01-01 00:00:00",NULL,1,11,1,6,126
276,1354,0,13.54,"2013-01-01 00:00:00",NULL,1,11,1,6,127
277,1354,0,13.54,"2013-01-01 00:00:00",NULL,1,11,1,6,128
278,1964.97,0,19.6497,"2014-07-01 00:00:00",NULL,1,11,1,6,129
279,1743.9,0,17.439,"2014-07-01 00:00:00",NULL,1,11,1,6,130
280,1655.11,0,16.5511,"2014-07-01 00:00:00",NULL,1,11,1,6,131
281,1538.1,0,15.381,"2014-07-01 00:00:00",NULL,1,11,1,6,132
282,1417.65,0,14.1765,"2014-07-01 00:00:00",NULL,1,11,1,6,133
283,1972.73,0,19.7273,"2013-01-01 00:00:00",NULL,1,11,1,6,134
284,1666.79,0,16.6679,"2013-01-01 00:00:00",NULL,1,11,1,6,135
285,1532.16,0,15.3216,"2013-01-01 00:00:00",NULL,1,11,1,6,136
286,1471.66,0,14.7166,"2013-01-01 00:00:00",NULL,1,11,1,6,137
287,1354,0,13.54,"2013-01-01 00:00:00",NULL,1,11,1,6,138
288,1406.84,0,14.0684,"2014-07-01 00:00:00",NULL,1,11,1,6,139
289,1489.6,0,14.896,"2014-07-01 00:00:00",NULL,1,11,1,6,140
290,1307.39,0,13.0739,"2014-07-01 00:00:00",NULL,1,11,1,6,141
291,1384.29,0,13.8429,"2014-07-01 00:00:00",NULL,1,11,1,6,142
292,1205,0,12.05,"2014-07-01 00:00:00",NULL,1,11,1,6,143
293,1275.89,0,12.7589,"2014-07-01 00:00:00",NULL,1,11,1,6,144
294,1302.34,0,13.0234,"2013-01-01 00:00:00",NULL,1,11,1,6,145
295,1378.94,0,13.7894,"2013-01-01 00:00:00",NULL,1,11,1,6,146
296,1250.91,0,12.5091,"2013-01-01 00:00:00",NULL,1,11,1,6,147
297,1324.49,0,13.2449,"2013-01-01 00:00:00",NULL,1,11,1,6,148
298,1150.9,0,11.509,"2013-01-01 00:00:00",NULL,1,11,1,6,149
299,1218.6,0,12.186,"2013-01-01 00:00:00",NULL,1,11,1,6,150
300,1295.22,530.45,18.2567,"2012-12-01 00:00:00",NULL,1,11,1,6,151
301,1515.84,536.07,20.5191,"2012-12-01 00:00:00",NULL,1,11,1,6,152
302,1099.14,521.63,16.2077,"2012-12-01 00:00:00",NULL,1,11,1,6,153
303,1020.27,519,15.3927,"2012-12-01 00:00:00",NULL,1,11,1,6,154
304,916.18,515.4,14.3158,"2012-12-01 00:00:00",NULL,1,11,1,6,155
305,807.6,512.07,13.1967,"2012-12-01 00:00:00",NULL,1,11,1,6,156
306,723.75,509.11,12.3286,"2012-12-01 00:00:00",NULL,1,11,1,6,157
307,879.31,521.63,14.0094,"2012-12-01 00:00:00",NULL,1,11,1,6,158
308,989.23,521.63,15.1086,"2012-12-01 00:00:00",NULL,1,11,1,6,159
309,816.22,519,13.3522,"2012-12-01 00:00:00",NULL,1,11,1,6,160
310,918.24,519,14.3724,"2012-12-01 00:00:00",NULL,1,11,1,6,161
311,732.94,515.4,12.4834,"2012-12-01 00:00:00",NULL,1,11,1,6,162
312,824.56,515.4,13.3996,"2012-12-01 00:00:00",NULL,1,11,1,6,163
313,916.18,515.4,14.3158,"2012-12-01 00:00:00",NULL,1,11,1,6,164
314,807.6,512.07,13.1967,"2012-12-01 00:00:00",NULL,1,11,1,6,165
315,723.75,509.11,12.3286,"2012-12-01 00:00:00",NULL,1,11,1,6,166
316,1295.22,530.45,18.2567,"2012-12-01 00:00:00",NULL,1,11,1,6,167
317,723.75,509.11,12.3286,"2012-12-01 00:00:00",NULL,1,11,1,6,168
318,807.6,512.07,13.1967,"2012-12-01 00:00:00",NULL,1,11,1,6,169
319,1349.19,530.45,18.7964,"2012-12-01 00:00:00",NULL,1,11,1,6,170
320,1579,536.07,21.1507,"2012-12-01 00:00:00",NULL,1,11,1,6,171
321,1144.94,521.63,16.6657,"2012-12-01 00:00:00",NULL,1,11,1,6,172
322,1062.78,519,15.8178,"2012-12-01 00:00:00",NULL,1,11,1,6,173
323,954.37,515.4,14.6977,"2012-12-01 00:00:00",NULL,1,11,1,6,174
324,841.25,512.07,13.5332,"2012-12-01 00:00:00",NULL,1,11,1,6,175
325,753.91,509.11,12.6302,"2012-12-01 00:00:00",NULL,1,11,1,6,176
326,915.95,521.63,14.3758,"2012-12-01 00:00:00",NULL,1,11,1,6,177
327,1030.45,521.63,15.5208,"2012-12-01 00:00:00",NULL,1,11,1,6,178
328,850.22,519,13.6922,"2012-12-01 00:00:00",NULL,1,11,1,6,179
329,956.5,519,14.755,"2012-12-01 00:00:00",NULL,1,11,1,6,180
330,763.5,515.4,12.789,"2012-12-01 00:00:00",NULL,1,11,1,6,181
331,858.93,515.4,13.7433,"2012-12-01 00:00:00",NULL,1,11,1,6,182
332,954.37,515.4,14.6977,"2012-12-01 00:00:00",NULL,1,11,1,6,183
333,841.25,512.07,13.5332,"2012-12-01 00:00:00",NULL,1,11,1,6,184
334,753.91,509.11,12.6302,"2012-12-01 00:00:00",NULL,1,11,1,6,185
335,1349.19,530.45,18.7964,"2012-12-01 00:00:00",NULL,1,11,1,6,186
336,753.91,509.11,12.6302,"2012-12-01 00:00:00",NULL,1,11,1,6,187
337,841.25,512.07,13.5332,"2012-12-01 00:00:00",NULL,1,11,1,6,188
338,1330.5,532.06,18.6256,"2013-04-01 00:00:00",NULL,1,11,1,6,189
339,604.78,512.71,11.1749,"2013-04-01 00:00:00",NULL,1,11,1,6,190
340,659.21,513.96,11.7317,"2013-04-01 00:00:00",NULL,1,11,1,6,191
341,695.51,513.96,12.0947,"2013-04-01 00:00:00",NULL,1,11,1,6,192
342,713.64,515.42,12.2906,"2013-04-01 00:00:00",NULL,1,11,1,6,193
343,774.11,517.5,12.9161,"2013-04-01 00:00:00",NULL,1,11,1,6,194
344,755.98,517.5,12.7348,"2013-04-01 00:00:00",NULL,1,11,1,6,195
345,846.68,518.53,13.6521,"2013-04-01 00:00:00",NULL,1,11,1,6,196
346,1052.3,524.77,15.7707,"2013-04-01 00:00:00",NULL,1,11,1,6,197
347,1215.6,532.06,17.4766,"2013-04-01 00:00:00",NULL,1,11,1,6,198
348,604.78,512.71,11.1749,"2013-04-01 00:00:00",NULL,1,11,1,6,199
349,604.78,512.71,11.1749,"2013-04-01 00:00:00",NULL,1,11,1,6,200
350,659.21,513.96,11.7317,"2013-04-01 00:00:00",NULL,1,11,1,6,201
351,659.21,513.96,11.7317,"2013-04-01 00:00:00",NULL,1,11,1,6,202
352,713.64,515.42,12.2906,"2013-04-01 00:00:00",NULL,1,11,1,6,203
353,713.64,515.42,12.2906,"2013-04-01 00:00:00",NULL,1,11,1,6,204
354,774.11,517.5,12.9161,"2013-04-01 00:00:00",NULL,1,11,1,6,205
355,774.11,517.5,12.9161,"2013-04-01 00:00:00",NULL,1,11,1,6,206
356,846.68,518.53,13.6521,"2013-04-01 00:00:00",NULL,1,11,1,6,207
357,846.68,518.53,13.6521,"2013-04-01 00:00:00",NULL,1,11,1,6,208
358,1052.3,524.77,15.7707,"2013-04-01 00:00:00",NULL,1,11,1,6,209
359,604.78,512.71,11.1749,"2013-04-01 00:00:00",NULL,1,11,1,6,210
360,604.78,512.71,11.1749,"2013-04-01 00:00:00",NULL,1,11,1,6,211
361,659.21,513.96,11.7317,"2013-04-01 00:00:00",NULL,1,11,1,6,212
362,659.21,513.96,11.7317,"2013-04-01 00:00:00",NULL,1,11,1,6,213
363,713.64,515.42,12.2906,"2013-04-01 00:00:00",NULL,1,11,1,6,214
364,713.64,515.42,12.2906,"2013-04-01 00:00:00",NULL,1,11,1,6,215
365,774.11,517.5,12.9161,"2013-04-01 00:00:00",NULL,1,11,1,6,216
366,774.11,517.5,12.9161,"2013-04-01 00:00:00",NULL,1,11,1,6,217
367,846.68,518.53,13.6521,"2013-04-01 00:00:00",NULL,1,11,1,6,218
368,846.68,518.53,13.6521,"2013-04-01 00:00:00",NULL,1,11,1,6,219
369,1052.3,524.77,15.7707,"2013-04-01 00:00:00",NULL,1,11,1,6,220
370,461.45,411.1,8.7255,"2013-04-01 00:00:00",NULL,1,11,1,6,221
371,560.33,415.23,9.7556,"2013-04-01 00:00:00",NULL,1,11,1,6,222
372,499.55,414.2,9.1375,"2013-04-01 00:00:00",NULL,1,11,1,6,223
373,606.59,418.33,10.2492,"2013-04-01 00:00:00",NULL,1,11,1,6,224
374,541.88,416.26,9.5814,"2013-04-01 00:00:00",NULL,1,11,1,6,225
375,657.99,420.4,10.7839,"2013-04-01 00:00:00",NULL,1,11,1,6,226
376,592.68,417.81,10.1049,"2013-04-01 00:00:00",NULL,1,11,1,6,227
377,719.68,421.95,11.4163,"2013-04-01 00:00:00",NULL,1,11,1,6,228
378,736.61,420.91,11.5752,"2013-04-01 00:00:00",NULL,1,11,1,6,229
379,894.46,425.04,13.195,"2013-04-01 00:00:00",NULL,1,11,1,6,230
380,850.92,424.53,12.7545,"2013-04-01 00:00:00",NULL,1,11,1,6,231
381,1033.26,428.66,14.6192,"2013-04-01 00:00:00",NULL,1,11,1,6,232
382,1029.33,0,10.2933,"2013-01-01 00:00:00","2014-01-01 00:00:00",1,11,1,6,233
383,1049.45,0,10.4945,"2014-01-01 00:00:00",NULL,1,11,1,6,233
384,1029.33,0,10.2933,"2013-01-01 00:00:00","2014-01-01 00:00:00",1,11,1,6,234
385,1049.45,0,10.4945,"2014-01-01 00:00:00",NULL,1,11,1,6,234
386,1128.03,0,11.2803,"2013-01-01 00:00:00","2014-01-01 00:00:00",1,11,1,6,235
387,1150.04,0,11.5004,"2014-01-01 00:00:00",NULL,1,11,1,6,235
388,1128.03,0,11.2803,"2013-01-01 00:00:00","2014-01-01 00:00:00",1,11,1,6,236
389,1150.04,0,11.5004,"2014-01-01 00:00:00",NULL,1,11,1,6,236
390,1029.33,0,10.2933,"2013-01-01 00:00:00","2014-01-01 00:00:00",1,11,1,6,237
391,1049.45,0,10.4945,"2014-01-01 00:00:00",NULL,1,11,1,6,237
392,1099.67,0,10.9967,"2014-01-01 00:00:00",NULL,1,11,1,6,238
393,1099.67,0,10.9967,"2014-01-01 00:00:00",NULL,1,11,1,6,239
394,1151.87,0,11.5187,"2014-01-01 00:00:00",NULL,1,11,1,6,240
395,1151.87,0,11.5187,"2014-01-01 00:00:00",NULL,1,11,1,6,241
396,1585.22,0,15.8522,"2014-01-01 00:00:00",NULL,1,11,1,6,242
397,1221.88,0,12.2188,"2014-01-01 00:00:00",NULL,1,11,1,6,243
398,1219.77,0,12.1977,"2014-01-01 00:00:00",NULL,1,11,1,6,244
399,1135.66,0,11.3566,"2014-01-01 00:00:00",NULL,1,11,1,6,245
400,1069.82,0,10.6982,"2014-01-01 00:00:00",NULL,1,11,1,6,246
401,1891.81,0,18.9181,"2014-01-01 00:00:00",NULL,1,11,1,6,247
402,1734.84,0,17.3484,"2014-01-01 00:00:00",NULL,1,11,1,6,248
403,1519.43,0,15.1943,"2014-01-01 00:00:00",NULL,1,11,1,6,249
404,1279.72,0,12.7972,"2014-01-01 00:00:00",NULL,1,11,1,6,250
405,1091.82,0,10.9182,"2014-01-01 00:00:00",NULL,1,11,1,6,251
406,1218.21,0,12.1821,"2014-01-01 00:00:00",NULL,1,11,1,6,252
407,1217.09,0,12.1709,"2014-01-01 00:00:00",NULL,1,11,1,6,253
408,1217.09,0,12.1709,"2014-01-01 00:00:00",NULL,1,11,1,6,254
409,1217.09,0,12.1709,"2014-01-01 00:00:00",NULL,1,11,1,6,255
410,1109.65,0,11.0965,"2014-01-01 00:00:00",NULL,1,11,1,6,256
411,1268.18,0,12.6818,"2014-01-01 00:00:00",NULL,1,11,1,6,257
412,1426.7,0,14.267,"2014-01-01 00:00:00",NULL,1,11,1,6,258
413,855.32,0,8.5532,"2014-01-01 00:00:00",NULL,1,11,1,6,259
414,977.5,0,9.775,"2014-01-01 00:00:00",NULL,1,11,1,6,260
415,1099.69,0,10.9969,"2014-01-01 00:00:00",NULL,1,11,1,6,261
416,794.96,0,7.9496,"2014-01-01 00:00:00",NULL,1,11,1,6,262
417,908.53,0,9.0853,"2014-01-01 00:00:00",NULL,1,11,1,6,263
418,1022.09,0,10.2209,"2014-01-01 00:00:00",NULL,1,11,1,6,264
419,1063.6,0,10.636,"2014-01-01 00:00:00",NULL,1,11,1,6,265
420,1215.54,0,12.1554,"2014-01-01 00:00:00",NULL,1,11,1,6,266
421,1367.49,0,13.6749,"2014-01-01 00:00:00",NULL,1,11,1,6,267
422,895.8,0,8.958,"2014-01-01 00:00:00",NULL,1,11,1,6,268
423,1023.78,0,10.2378,"2014-01-01 00:00:00",NULL,1,11,1,6,269
424,1151.75,0,11.5175,"2014-01-01 00:00:00",NULL,1,11,1,6,270
425,1268.18,0,12.6818,"2014-01-01 00:00:00",NULL,1,11,1,6,271
426,1347.44,0,13.4744,"2014-01-01 00:00:00",NULL,1,11,1,6,272
427,1426.7,0,14.267,"2014-01-01 00:00:00",NULL,1,11,1,6,273
428,977.5,0,9.775,"2014-01-01 00:00:00",NULL,1,11,1,6,274
429,1038.6,0,10.386,"2014-01-01 00:00:00",NULL,1,11,1,6,275
430,1099.69,0,10.9969,"2014-01-01 00:00:00",NULL,1,11,1,6,276
431,908.53,0,9.0853,"2014-01-01 00:00:00",NULL,1,11,1,6,277
432,965.31,0,9.6531,"2014-01-01 00:00:00",NULL,1,11,1,6,278
433,1022.09,0,10.2209,"2014-01-01 00:00:00",NULL,1,11,1,6,279
434,1215.54,0,12.1554,"2014-01-01 00:00:00",NULL,1,11,1,6,280
435,1291.52,0,12.9152,"2014-01-01 00:00:00",NULL,1,11,1,6,281
436,1367.49,0,13.6749,"2014-01-01 00:00:00",NULL,1,11,1,6,282
437,1023.78,0,10.2378,"2014-01-01 00:00:00",NULL,1,11,1,6,283
438,1087.76,0,10.8776,"2014-01-01 00:00:00",NULL,1,11,1,6,284
439,1151.75,0,11.5175,"2014-01-01 00:00:00",NULL,1,11,1,6,285
440,974.57,0,9.7457,"2014-01-01 00:00:00",NULL,1,11,1,6,286
441,1035.48,0,10.3548,"2014-01-01 00:00:00",NULL,1,11,1,6,287
442,1096.39,0,10.9639,"2014-01-01 00:00:00",NULL,1,11,1,6,288
443,973.67,0,9.7367,"2014-01-01 00:00:00",NULL,1,11,1,6,289
444,1034.53,0,10.3453,"2014-01-01 00:00:00",NULL,1,11,1,6,290
445,1095.38,0,10.9538,"2014-01-01 00:00:00",NULL,1,11,1,6,291
446,1890,0,18.9,"2015-01-01 00:00:00",NULL,1,11,1,6,292
447,1750,0,17.5,"2015-01-01 00:00:00",NULL,1,11,1,6,293
448,1540,0,15.4,"2015-01-01 00:00:00",NULL,1,11,1,6,294
449,1330,0,13.3,"2015-01-01 00:00:00",NULL,1,11,1,6,295
450,1134,0,11.34,"2015-01-01 00:00:00",NULL,1,11,1,6,296
451,1070,0,10.7,"2015-01-01 00:00:00",NULL,1,11,1,6,297
452,1232,0,12.32,"2015-01-01 00:00:00",NULL,1,11,1,6,298
453,1309,0,13.09,"2015-01-01 00:00:00",NULL,1,11,1,6,299
454,1386,0,13.86,"2015-01-01 00:00:00",NULL,1,11,1,6,300
455,1130,0,11.3,"2015-01-01 00:00:00",NULL,1,11,1,6,301
456,1197,0,11.97,"2015-01-01 00:00:00",NULL,1,11,1,6,302
457,1263.5,0,12.635,"2015-01-01 00:00:00",NULL,1,11,1,6,303
458,1020.6,0,10.206,"2015-01-01 00:00:00",NULL,1,11,1,6,304
459,1077.3,0,10.773,"2015-01-01 00:00:00",NULL,1,11,1,6,305
460,1016.5,0,10.165,"2015-01-01 00:00:00",NULL,1,11,1,6,306
461,2013.33,0,20.1333,"2013-04-01 00:00:00","2017-09-01 00:00:00",1,11,1,6,307
462,2133.31,0,21.3331,"2017-09-01 00:00:00",NULL,1,11,1,6,307
463,1781.67,0,17.8167,"2013-04-01 00:00:00","2017-09-01 00:00:00",1,11,1,6,308
464,1887.84,0,18.8784,"2017-09-01 00:00:00",NULL,1,11,1,6,308
465,1551.89,0,15.5189,"2013-04-01 00:00:00","2013-04-01 00:00:00",0,11,0,6,309
466,1644.37,0,16.4437,"2017-09-01 00:00:00",NULL,1,11,1,6,309
467,1426.37,0,14.2637,"2013-04-01 00:00:00","2017-09-01 00:00:00",1,11,1,6,310
468,1511.37,0,15.1137,"2017-09-01 00:00:00",NULL,1,11,1,6,310
469,1439.45,0,14.3945,"2013-04-01 00:00:00","2017-09-01 00:00:00",1,11,1,6,311
470,1525.23,0,15.2523,"2017-09-01 00:00:00",NULL,1,11,1,6,311
471,1333.64,0,13.3364,"2013-04-01 00:00:00","2017-09-01 00:00:00",1,11,1,6,312
472,1413.11,0,14.1311,"2017-09-01 00:00:00",NULL,1,11,1,6,312
473,1383.19,0,13.8319,"2013-04-01 00:00:00","2017-09-01 00:00:00",1,11,1,6,313
474,1465.62,0,14.6562,"2017-09-01 00:00:00",NULL,1,11,1,6,313
475,1315.12,0,13.1512,"2017-09-01 00:00:00",NULL,1,11,1,6,314
476,1824.02,0,18.2402,"2013-04-01 00:00:00",NULL,1,11,1,6,315
477,1654.42,0,16.5442,"2013-04-01 00:00:00",NULL,1,11,1,6,316
478,1549.85,0,15.4985,"2013-04-01 00:00:00",NULL,1,11,1,6,317
479,1409.33,0,14.0933,"2013-04-01 00:00:00",NULL,1,11,1,6,318
480,1711.33,0,17.1133,"2013-04-01 00:00:00",NULL,1,11,1,6,319
481,1872.4,0,18.724,"2013-04-01 00:00:00",NULL,1,11,1,6,320
482,805.33,0,8.0533,"2013-04-01 00:00:00",NULL,1,11,1,6,321
483,1006.67,0,10.0667,"2013-04-01 00:00:00",NULL,1,11,1,6,322
484,1208,0,12.08,"2013-04-01 00:00:00",NULL,1,11,1,6,323
485,1247.17,0,12.4717,"2013-04-01 00:00:00",NULL,1,11,1,6,324
486,1514.42,0,15.1442,"2013-04-01 00:00:00",NULL,1,11,1,6,325
487,1656.95,0,16.5695,"2013-04-01 00:00:00",NULL,1,11,1,6,326
488,712.67,0,7.1267,"2013-04-01 00:00:00",NULL,1,11,1,6,327
489,890.84,0,8.9084,"2013-04-01 00:00:00",NULL,1,11,1,6,328
490,1069,0,10.69,"2013-04-01 00:00:00",NULL,1,11,1,6,329
491,1086.32,0,10.8632,"2013-04-01 00:00:00",NULL,1,11,1,6,330
492,1319.11,0,13.1911,"2013-04-01 00:00:00",NULL,1,11,1,6,331
493,1443.26,0,14.4326,"2013-04-01 00:00:00",NULL,1,11,1,6,332
494,620.76,0,6.2076,"2013-04-01 00:00:00",NULL,1,11,1,6,333
495,775.95,0,7.7595,"2013-04-01 00:00:00",NULL,1,11,1,6,334
496,931.13,0,9.3113,"2013-04-01 00:00:00",NULL,1,11,1,6,335
497,998.46,0,9.9846,"2013-04-01 00:00:00",NULL,1,11,1,6,336
498,1212.41,0,12.1241,"2013-04-01 00:00:00",NULL,1,11,1,6,337
499,1326.52,0,13.2652,"2013-04-01 00:00:00",NULL,1,11,1,6,338
500,1007.62,0,10.0762,"2013-04-01 00:00:00",NULL,1,11,1,6,339
501,1223.53,0,12.2353,"2013-04-01 00:00:00",NULL,1,11,1,6,340
502,1338.69,0,13.3869,"2013-04-01 00:00:00",NULL,1,11,1,6,341
503,575.78,0,5.7578,"2013-04-01 00:00:00",NULL,1,11,1,6,342
504,719.73,0,7.1973,"2013-04-01 00:00:00",NULL,1,11,1,6,343
505,863.67,0,8.6367,"2013-04-01 00:00:00",NULL,1,11,1,6,344
506,933.55,0,9.3355,"2013-04-01 00:00:00",NULL,1,11,1,6,345
507,1133.59,0,11.3359,"2013-04-01 00:00:00",NULL,1,11,1,6,346
508,1240.29,0,12.4029,"2013-04-01 00:00:00",NULL,1,11,1,6,347
509,968.23,0,9.6823,"2013-04-01 00:00:00",NULL,1,11,1,6,348
510,1175.71,0,11.7571,"2013-04-01 00:00:00",NULL,1,11,1,6,349
511,1286.37,0,12.8637,"2013-04-01 00:00:00",NULL,1,11,1,6,350
512,1241.51,0,12.4151,"2013-04-01 00:00:00",NULL,1,11,1,6,351
513,1396.7,0,13.967,"2013-04-01 00:00:00",NULL,1,11,1,6,352
514,1499.9,0,14.999,"2013-04-01 00:00:00",NULL,1,11,1,6,353
515,1141.1,0,11.411,"2013-04-01 00:00:00",NULL,1,11,1,6,354
516,1283.73,0,12.8373,"2013-04-01 00:00:00",NULL,1,11,1,6,355
517,1378.59,0,13.7859,"2013-04-01 00:00:00",NULL,1,11,1,6,356
518,1141.1,0,11.411,"2013-04-01 00:00:00",NULL,1,11,1,6,357
519,1283.73,0,12.8373,"2013-04-01 00:00:00",NULL,1,11,1,6,358
520,1378.59,0,13.7859,"2013-04-01 00:00:00",NULL,1,11,1,6,359
521,1151.56,0,11.5156,"2013-04-01 00:00:00",NULL,1,11,1,6,360
522,1295.51,0,12.9551,"2013-04-01 00:00:00",NULL,1,11,1,6,361
523,1391.23,0,13.9123,"2013-04-01 00:00:00",NULL,1,11,1,6,362
524,1066.91,0,10.6691,"2013-04-01 00:00:00",NULL,1,11,1,6,363
525,1133.59,0,11.3359,"2013-04-01 00:00:00",NULL,1,11,1,6,364
526,1288.96,0,12.8896,"2013-04-01 00:00:00",NULL,1,11,1,6,365
527,1106.55,0,11.0655,"2013-04-01 00:00:00",NULL,1,11,1,6,366
528,1175.71,0,11.7571,"2013-04-01 00:00:00",NULL,1,11,1,6,367
529,1336.85,0,13.3685,"2013-04-01 00:00:00",NULL,1,11,1,6,368
530,1323.54,0,13.2354,"2013-04-01 00:00:00",NULL,1,11,1,6,369
531,1488.98,0,14.8898,"2013-04-01 00:00:00",NULL,1,11,1,6,370
532,1599,0,15.99,"2013-04-01 00:00:00",NULL,1,11,1,6,371
533,1239.88,0,12.3988,"2013-04-01 00:00:00",NULL,1,11,1,6,372
534,1394.87,0,13.9487,"2013-04-01 00:00:00",NULL,1,11,1,6,373
535,1497.93,0,14.9793,"2013-04-01 00:00:00",NULL,1,11,1,6,374
536,1426.37,0,14.2637,"2013-04-01 00:00:00",NULL,1,11,1,6,375
537,1439.45,0,14.3945,"2013-04-01 00:00:00",NULL,1,11,1,6,376
538,1333.64,0,13.3364,"2013-04-01 00:00:00",NULL,1,11,1,6,377
539,1383.19,0,13.8319,"2013-04-01 00:00:00",NULL,1,11,1,6,378
540,1383.19,0,13.8319,"2013-04-01 00:00:00",NULL,1,11,1,6,379
541,1426.37,0,14.2637,"2013-04-01 00:00:00",NULL,1,11,1,6,380
542,1241.16,0,12.4116,"2013-04-01 00:00:00",NULL,1,11,1,6,381
543,1241.16,0,12.4116,"2013-04-01 00:00:00",NULL,1,11,1,6,382
544,1333.64,0,13.3364,"2013-04-01 00:00:00",NULL,1,11,1,6,383
545,1542.04,542.7,20.8474,"2013-04-01 00:00:00",NULL,1,11,1,6,384
546,1392.49,537.59,19.3008,"2013-04-01 00:00:00",NULL,1,11,1,6,385
547,1261.54,536.71,17.9825,"2013-04-01 00:00:00",NULL,1,11,1,6,386
548,1112,531.59,16.4359,"2013-04-01 00:00:00",NULL,1,11,1,6,387
549,1021.85,528.26,15.5011,"2013-04-01 00:00:00",NULL,1,11,1,6,388
550,937.75,524.94,14.6269,"2013-04-01 00:00:00",NULL,1,11,1,6,389
551,849.38,522.37,13.7175,"2013-04-01 00:00:00",NULL,1,11,1,6,390
552,779.81,520.51,13.0032,"2013-04-01 00:00:00",NULL,1,11,1,6,391
553,798.37,520.64,13.1901,"2013-04-01 00:00:00",NULL,1,11,1,6,392
554,700.05,518.45,12.185,"2013-04-01 00:00:00",NULL,1,11,1,6,393
555,1009.23,429.37,14.386,"2013-04-01 00:00:00",NULL,1,11,1,6,394
556,1072.31,456.2,15.2851,"2013-04-01 00:00:00",NULL,1,11,1,6,395
557,1135.39,483.04,16.1843,"2013-04-01 00:00:00",NULL,1,11,1,6,396
558,889.6,425.27,13.1487,"2013-04-01 00:00:00",NULL,1,11,1,6,397
559,945.2,451.85,13.9705,"2013-04-01 00:00:00",NULL,1,11,1,6,398
560,1000.8,478.43,14.7923,"2013-04-01 00:00:00",NULL,1,11,1,6,399
561,889.6,425.27,13.1487,"2013-04-01 00:00:00",NULL,1,11,1,6,400
562,945.2,451.85,13.9705,"2013-04-01 00:00:00",NULL,1,11,1,6,401
563,1000.8,478.43,14.7923,"2013-04-01 00:00:00",NULL,1,11,1,6,402
564,817.48,422.61,12.4009,"2013-04-01 00:00:00",NULL,1,11,1,6,403
565,868.57,449.02,13.1759,"2013-04-01 00:00:00",NULL,1,11,1,6,404
566,919.67,475.43,13.951,"2013-04-01 00:00:00",NULL,1,11,1,6,405
567,970.76,501.85,14.7261,"2013-04-01 00:00:00",NULL,1,11,1,6,406
568,817.48,422.61,12.4009,"2013-04-01 00:00:00",NULL,1,11,1,6,407
569,868.57,449.02,13.1759,"2013-04-01 00:00:00",NULL,1,11,1,6,408
570,919.67,475.43,13.951,"2013-04-01 00:00:00",NULL,1,11,1,6,409
571,970.76,501.85,14.7261,"2013-04-01 00:00:00",NULL,1,11,1,6,410
572,750.2,419.95,11.7015,"2013-04-01 00:00:00",NULL,1,11,1,6,411
573,797.09,446.2,12.4329,"2013-04-01 00:00:00",NULL,1,11,1,6,412
574,843.98,472.45,13.1643,"2013-04-01 00:00:00",NULL,1,11,1,6,413
575,750.2,419.95,11.7015,"2013-04-01 00:00:00",NULL,1,11,1,6,414
576,797.09,446.2,12.4329,"2013-04-01 00:00:00",NULL,1,11,1,6,415
577,843.98,472.45,13.1643,"2013-04-01 00:00:00",NULL,1,11,1,6,416
578,679.5,417.9,10.974,"2013-04-01 00:00:00",NULL,1,11,1,6,417
579,721.97,444.01,11.6598,"2013-04-01 00:00:00",NULL,1,11,1,6,418
580,764.44,470.13,12.3457,"2013-04-01 00:00:00",NULL,1,11,1,6,419
581,679.5,417.9,10.974,"2013-04-01 00:00:00",NULL,1,11,1,6,420
582,721.97,444.01,11.6598,"2013-04-01 00:00:00",NULL,1,11,1,6,421
583,764.44,470.13,12.3457,"2013-04-01 00:00:00",NULL,1,11,1,6,422
584,623.85,416.41,10.4026,"2013-04-01 00:00:00",NULL,1,11,1,6,423
585,662.84,442.43,11.0527,"2013-04-01 00:00:00",NULL,1,11,1,6,424
586,623.85,416.41,10.4026,"2013-04-01 00:00:00",NULL,1,11,1,6,425
587,662.84,442.43,11.0527,"2013-04-01 00:00:00",NULL,1,11,1,6,426
588,638.7,416.51,10.5521,"2013-04-01 00:00:00",NULL,1,11,1,6,427
589,678.61,442.54,11.2115,"2013-04-01 00:00:00",NULL,1,11,1,6,428
590,718.53,468.58,11.8711,"2013-04-01 00:00:00",NULL,1,11,1,6,429
591,638.7,416.51,10.5521,"2013-04-01 00:00:00",NULL,1,11,1,6,430
592,678.61,442.54,11.2115,"2013-04-01 00:00:00",NULL,1,11,1,6,431
593,718.53,468.58,11.8711,"2013-04-01 00:00:00",NULL,1,11,1,6,432
594,1233.63,434.16,16.6779,"2013-04-01 00:00:00",NULL,1,11,1,6,433
595,1310.73,461.3,17.7203,"2013-04-01 00:00:00",NULL,1,11,1,6,434
596,1387.84,488.43,18.7627,"2013-04-01 00:00:00",NULL,1,11,1,6,435
597,1113.99,430.07,15.4406,"2013-04-01 00:00:00",NULL,1,11,1,6,436
598,1183.62,456.95,16.4057,"2013-04-01 00:00:00",NULL,1,11,1,6,437
599,1253.24,483.83,17.3707,"2013-04-01 00:00:00",NULL,1,11,1,6,438
600,766.39,396.19,11.6258,"2013-04-01 00:00:00",NULL,1,11,1,6,439
601,817.48,422.61,12.4009,"2013-04-01 00:00:00",NULL,1,11,1,6,440
602,868.57,449.02,13.1759,"2013-04-01 00:00:00",NULL,1,11,1,6,441
603,919.67,475.43,13.951,"2013-04-01 00:00:00",NULL,1,11,1,6,442
604,703.31,393.7,10.9701,"2013-04-01 00:00:00",NULL,1,11,1,6,443
605,750.2,419.95,11.7015,"2013-04-01 00:00:00",NULL,1,11,1,6,444
606,797.09,446.2,12.4329,"2013-04-01 00:00:00",NULL,1,11,1,6,445
607,843.98,472.44,13.1642,"2013-04-01 00:00:00",NULL,1,11,1,6,446
608,637.04,391.78,10.2882,"2013-04-01 00:00:00",NULL,1,11,1,6,447
609,679.5,417.89,10.9739,"2013-04-01 00:00:00",NULL,1,11,1,6,448
610,721.97,444.01,11.6598,"2013-04-01 00:00:00",NULL,1,11,1,6,449
611,584.86,390.38,9.7524,"2013-04-01 00:00:00",NULL,1,11,1,6,450
612,623.85,416.41,10.4026,"2013-04-01 00:00:00",NULL,1,11,1,6,451
613,598.78,390.48,9.8926,"2013-04-01 00:00:00",NULL,1,11,1,6,452
614,638.7,416.51,10.5521,"2013-04-01 00:00:00",NULL,1,11,1,6,453
615,889.6,425.27,13.1487,"2013-04-01 00:00:00",NULL,1,11,1,6,454
616,945.2,451.85,13.9705,"2013-04-01 00:00:00",NULL,1,11,1,6,455
617,1000.8,478.43,14.7923,"2013-04-01 00:00:00",NULL,1,11,1,6,456
618,1056.4,505.01,15.6141,"2013-04-01 00:00:00",NULL,1,11,1,6,457
619,817.48,422.61,12.4009,"2013-04-01 00:00:00",NULL,1,11,1,6,458
620,868.57,449.02,13.1759,"2013-04-01 00:00:00",NULL,1,11,1,6,459
621,919.67,475.43,13.951,"2013-04-01 00:00:00",NULL,1,11,1,6,460
622,970.76,501.85,14.7261,"2013-04-01 00:00:00",NULL,1,11,1,6,461
623,750.2,419.95,11.7015,"2013-04-01 00:00:00",NULL,1,11,1,6,462
624,797.09,446.2,12.4329,"2013-04-01 00:00:00",NULL,1,11,1,6,463
625,843.98,472.44,13.1642,"2013-04-01 00:00:00",NULL,1,11,1,6,464
626,890.86,498.69,13.8955,"2013-04-01 00:00:00",NULL,1,11,1,6,465
627,679.5,417.89,10.9739,"2013-04-01 00:00:00",NULL,1,11,1,6,466
628,721.97,444.01,11.6598,"2013-04-01 00:00:00",NULL,1,11,1,6,467
629,764.44,470.13,12.3457,"2013-04-01 00:00:00",NULL,1,11,1,6,468
630,623.85,416.41,10.4026,"2013-04-01 00:00:00",NULL,1,11,1,6,469
631,662.84,442.43,11.0527,"2013-04-01 00:00:00",NULL,1,11,1,6,470
632,638.7,416.51,10.5521,"2013-04-01 00:00:00",NULL,1,11,1,6,471
633,678.61,442.54,11.2115,"2013-04-01 00:00:00",NULL,1,11,1,6,472
634,718.53,468.57,11.871,"2013-04-01 00:00:00",NULL,1,11,1,6,473
635,2134.91,0,21.3491,"2014-10-01 00:00:00","2015-04-01 00:00:00",1,11,0,6,474
636,2159.99,0,21.5999,"2015-04-01 00:00:00","2015-10-01 00:00:00",0,11,1,6,474
637,2185.08,0,21.8508,"2015-10-01 00:00:00","2016-04-01 00:00:00",1,11,0,6,474
638,2210.16,0,22.1016,"2016-04-01 00:00:00",NULL,1,11,1,6,474
639,1976.53,0,19.7653,"2014-10-01 00:00:00","2015-04-01 00:00:00",1,11,0,6,475
640,1999.75,0,19.9975,"2015-04-01 00:00:00","2015-10-01 00:00:00",0,11,1,6,475
641,2022.98,0,20.2298,"2015-10-01 00:00:00","2016-04-01 00:00:00",1,11,0,6,475
642,2046.2,0,20.462,"2016-04-01 00:00:00",NULL,1,11,1,6,475
643,1841.53,0,18.4153,"2014-10-01 00:00:00","2015-04-01 00:00:00",1,11,0,6,476
644,1863.16,0,18.6316,"2015-04-01 00:00:00","2015-10-01 00:00:00",0,11,1,6,476
645,1884.8,0,18.848,"2015-10-01 00:00:00","2016-04-01 00:00:00",1,11,0,6,476
646,1906.44,0,19.0644,"2016-04-01 00:00:00",NULL,1,11,1,6,476
647,1683.14,0,16.8314,"2014-10-01 00:00:00","2015-04-01 00:00:00",1,11,0,6,477
648,1702.92,0,17.0292,"2015-04-01 00:00:00","2015-10-01 00:00:00",0,11,1,6,477
649,1722.7,0,17.227,"2015-10-01 00:00:00","2016-04-01 00:00:00",1,11,0,6,477
650,1742.47,0,17.4247,"2016-04-01 00:00:00",NULL,1,11,1,6,477
651,1587.41,0,15.8741,"2014-10-01 00:00:00","2015-04-01 00:00:00",1,11,0,6,478
652,1606.07,0,16.0607,"2015-04-01 00:00:00","2015-10-01 00:00:00",0,11,1,6,478
653,1643.37,0,16.4337,"2016-04-01 00:00:00",NULL,1,11,1,6,478
654,1497.89,0,14.9789,"2014-10-01 00:00:00","2015-04-01 00:00:00",1,11,0,6,479
655,1515.49,0,15.1549,"2015-04-01 00:00:00","2015-10-01 00:00:00",0,11,1,6,479
656,1533.09,0,15.3309,"2015-10-01 00:00:00","2016-04-01 00:00:00",1,11,0,6,479
657,1550.69,0,15.5069,"2016-04-01 00:00:00",NULL,1,11,1,6,479
658,1404.76,0,14.0476,"2014-10-01 00:00:00","2015-04-01 00:00:00",1,11,0,6,480
659,1421.27,0,14.2127,"2015-04-01 00:00:00","2015-10-01 00:00:00",0,11,1,6,480
660,1437.77,0,14.3777,"2015-10-01 00:00:00","2016-04-01 00:00:00",1,11,0,6,480
661,1454.28,0,14.5428,"2016-04-01 00:00:00",NULL,1,11,1,6,480
662,1331.61,0,13.3161,"2014-10-01 00:00:00","2015-04-01 00:00:00",1,11,0,6,481
663,1347.26,0,13.4726,"2015-04-01 00:00:00","2015-10-01 00:00:00",0,11,1,6,481
664,1362.91,0,13.6291,"2015-10-01 00:00:00","2016-04-01 00:00:00",1,11,0,6,481
665,1378.55,0,13.7855,"2016-04-01 00:00:00",NULL,1,11,1,6,481
666,1350.75,0,13.5075,"2014-10-01 00:00:00","2015-04-01 00:00:00",1,11,0,6,482
667,1366.62,0,13.6662,"2015-04-01 00:00:00","2015-10-01 00:00:00",0,11,1,6,482
668,1382.49,0,13.8249,"2015-10-01 00:00:00","2016-04-01 00:00:00",1,11,0,6,482
669,1398.37,0,13.9837,"2016-04-01 00:00:00",NULL,1,11,1,6,482
670,1247.82,0,12.4782,"2014-10-01 00:00:00","2015-04-01 00:00:00",1,11,0,6,483
671,1262.49,0,12.6249,"2015-04-01 00:00:00","2015-10-01 00:00:00",0,11,1,6,483
672,1277.15,0,12.7715,"2015-10-01 00:00:00","2016-04-01 00:00:00",1,11,0,6,483
673,1291.81,0,12.9181,"2016-04-01 00:00:00",NULL,1,11,1,6,483
674,1473.22,0,14.7322,"2014-10-01 00:00:00",NULL,1,11,1,6,484
675,1565.3,0,15.653,"2014-10-01 00:00:00",NULL,1,11,1,6,485
676,1657.38,0,16.5738,"2014-10-01 00:00:00",NULL,1,11,1,6,486
677,1346.51,0,13.4651,"2014-10-01 00:00:00",NULL,1,11,1,6,487
678,1430.67,0,14.3067,"2014-10-01 00:00:00",NULL,1,11,1,6,488
679,1514.83,0,15.1483,"2014-10-01 00:00:00",NULL,1,11,1,6,489
680,1598.98,0,15.9898,"2014-10-01 00:00:00",NULL,1,11,1,6,490
681,1346.51,0,13.4651,"2014-10-01 00:00:00",NULL,1,11,1,6,491
682,1430.67,0,14.3067,"2014-10-01 00:00:00",NULL,1,11,1,6,492
683,1514.83,0,15.1483,"2014-10-01 00:00:00",NULL,1,11,1,6,493
684,1598.98,0,15.9898,"2014-10-01 00:00:00",NULL,1,11,1,6,494
685,1269.93,0,12.6993,"2014-10-01 00:00:00",NULL,1,11,1,6,495
686,1349.3,0,13.493,"2014-10-01 00:00:00",NULL,1,11,1,6,496
687,1428.67,0,14.2867,"2014-10-01 00:00:00",NULL,1,11,1,6,497
688,1508.04,0,15.0804,"2014-10-01 00:00:00",NULL,1,11,1,6,498
689,1269.93,0,12.6993,"2014-10-01 00:00:00",NULL,1,11,1,6,499
690,1349.3,0,13.493,"2014-10-01 00:00:00",NULL,1,11,1,6,500
691,1428.67,0,14.2867,"2014-10-01 00:00:00",NULL,1,11,1,6,501
692,1508.04,0,15.0804,"2014-10-01 00:00:00",NULL,1,11,1,6,502
693,1198.31,0,11.9831,"2014-10-01 00:00:00",NULL,1,11,1,6,503
694,1273.21,0,12.7321,"2014-10-01 00:00:00",NULL,1,11,1,6,504
695,1348.1,0,13.481,"2014-10-01 00:00:00",NULL,1,11,1,6,505
696,1423,0,14.23,"2014-10-01 00:00:00",NULL,1,11,1,6,506
697,1198.31,0,11.9831,"2014-10-01 00:00:00",NULL,1,11,1,6,507
698,1273.21,0,12.7321,"2014-10-01 00:00:00",NULL,1,11,1,6,508
699,1348.1,0,13.481,"2014-10-01 00:00:00",NULL,1,11,1,6,509
700,1423,0,14.23,"2014-10-01 00:00:00",NULL,1,11,1,6,510
701,1123.81,0,11.2381,"2014-10-01 00:00:00",NULL,1,11,1,6,511
702,1194.05,0,11.9405,"2014-10-01 00:00:00",NULL,1,11,1,6,512
703,1264.28,0,12.6428,"2014-10-01 00:00:00",NULL,1,11,1,6,513
704,1123.81,0,11.2381,"2014-10-01 00:00:00",NULL,1,11,1,6,514
705,1194.05,0,11.9405,"2014-10-01 00:00:00",NULL,1,11,1,6,515
706,1264.28,0,12.6428,"2014-10-01 00:00:00",NULL,1,11,1,6,516
707,1065.29,0,10.6529,"2014-10-01 00:00:00",NULL,1,11,1,6,517
708,1131.87,0,11.3187,"2014-10-01 00:00:00",NULL,1,11,1,6,518
709,1065.29,0,10.6529,"2014-10-01 00:00:00",NULL,1,11,1,6,519
710,1131.87,0,11.3187,"2014-10-01 00:00:00",NULL,1,11,1,6,520
711,1080.6,0,10.806,"2014-10-01 00:00:00",NULL,1,11,1,6,521
712,1148.14,0,11.4814,"2014-10-01 00:00:00",NULL,1,11,1,6,522
713,1215.68,0,12.1568,"2014-10-01 00:00:00",NULL,1,11,1,6,523
714,1080.6,0,10.806,"2014-10-01 00:00:00",NULL,1,11,1,6,524
715,1148.14,0,11.4814,"2014-10-01 00:00:00",NULL,1,11,1,6,525
716,1215.68,0,12.1568,"2014-10-01 00:00:00",NULL,1,11,1,6,526
717,1707.93,0,17.0793,"2014-10-01 00:00:00",NULL,1,11,1,6,527
718,1814.67,0,18.1467,"2014-10-01 00:00:00",NULL,1,11,1,6,528
719,1921.42,0,19.2142,"2014-10-01 00:00:00",NULL,1,11,1,6,529
720,1581.22,0,15.8122,"2014-10-01 00:00:00",NULL,1,11,1,6,530
721,1680.05,0,16.8005,"2014-10-01 00:00:00",NULL,1,11,1,6,531
722,1778.88,0,17.7888,"2014-10-01 00:00:00",NULL,1,11,1,6,532
723,1190.56,0,11.9056,"2014-10-01 00:00:00",NULL,1,11,1,6,533
724,1269.93,0,12.6993,"2014-10-01 00:00:00",NULL,1,11,1,6,534
725,1349.3,0,13.493,"2014-10-01 00:00:00",NULL,1,11,1,6,535
726,1428.67,0,14.2867,"2014-10-01 00:00:00",NULL,1,11,1,6,536
727,1123.42,0,11.2342,"2014-10-01 00:00:00",NULL,1,11,1,6,537
728,1198.31,0,11.9831,"2014-10-01 00:00:00",NULL,1,11,1,6,538
729,1273.21,0,12.7321,"2014-10-01 00:00:00",NULL,1,11,1,6,539
730,1123.42,0,11.2342,"2014-10-01 00:00:00",NULL,1,11,1,6,540
731,1198.31,0,11.9831,"2014-10-01 00:00:00",NULL,1,11,1,6,541
732,1273.21,0,12.7321,"2014-10-01 00:00:00",NULL,1,11,1,6,542
733,1348.1,0,13.481,"2014-10-01 00:00:00",NULL,1,11,1,6,543
734,1053.57,0,10.5357,"2014-10-01 00:00:00",NULL,1,11,1,6,544
735,1123.81,0,11.2381,"2014-10-01 00:00:00",NULL,1,11,1,6,545
736,1194.05,0,11.9405,"2014-10-01 00:00:00",NULL,1,11,1,6,546
737,998.71,0,9.9871,"2014-10-01 00:00:00",NULL,1,11,1,6,547
738,1065.29,0,10.6529,"2014-10-01 00:00:00",NULL,1,11,1,6,548
739,1013.06,0,10.1306,"2014-10-01 00:00:00",NULL,1,11,1,6,549
740,1080.6,0,10.806,"2014-10-01 00:00:00",NULL,1,11,1,6,550
741,1346.51,0,13.4651,"2014-10-01 00:00:00",NULL,1,11,1,6,551
742,1430.67,0,14.3067,"2014-10-01 00:00:00",NULL,1,11,1,6,552
743,1514.83,0,15.1483,"2014-10-01 00:00:00",NULL,1,11,1,6,553
744,1598.98,0,15.9898,"2014-10-01 00:00:00",NULL,1,11,1,6,554
745,1269.93,0,12.6993,"2014-10-01 00:00:00",NULL,1,11,1,6,555
746,1349.3,0,13.493,"2014-10-01 00:00:00",NULL,1,11,1,6,556
747,1428.67,0,14.2867,"2014-10-01 00:00:00",NULL,1,11,1,6,557
748,1508.04,0,15.0804,"2014-10-01 00:00:00",NULL,1,11,1,6,558
749,1198.31,0,11.9831,"2014-10-01 00:00:00",NULL,1,11,1,6,559
750,1273.21,0,12.7321,"2014-10-01 00:00:00",NULL,1,11,1,6,560
751,1348.1,0,13.481,"2014-10-01 00:00:00",NULL,1,11,1,6,561
752,1423,0,14.23,"2014-10-01 00:00:00",NULL,1,11,1,6,562
753,1123.81,0,11.2381,"2014-10-01 00:00:00",NULL,1,11,1,6,563
754,1194.05,0,11.9405,"2014-10-01 00:00:00",NULL,1,11,1,6,564
755,1264.28,0,12.6428,"2014-10-01 00:00:00",NULL,1,11,1,6,565
756,1065.29,0,10.6529,"2014-10-01 00:00:00",NULL,1,11,1,6,566
757,1131.87,0,11.3187,"2014-10-01 00:00:00",NULL,1,11,1,6,567
758,1080.6,0,10.806,"2014-10-01 00:00:00",NULL,1,11,1,6,568
759,1131.87,0,11.3187,"2014-10-01 00:00:00",NULL,1,11,1,6,569
760,1215.68,0,12.1568,"2014-10-01 00:00:00",NULL,1,11,1,6,570
761,1542.04,542.7,20.8474,"2013-04-01 00:00:00","2020-01-31 00:00:00",1,11,1,6,571
762,1648.93,542.7,21.9163,"2020-02-01 00:00:00",NULL,1,11,1,6,571
763,1392.49,537.59,19.3008,"2013-04-01 00:00:00","2020-01-31 00:00:00",1,11,1,6,572
764,1489.01,537.59,20.266,"2020-02-01 00:00:00",NULL,1,11,1,6,572
765,1261.54,536.71,17.9825,"2013-04-01 00:00:00","2020-02-01 00:00:00",1,11,1,6,573
766,1348.99,536.71,18.857,"2020-02-01 00:00:00",NULL,1,11,1,6,573
767,1189.09,531.59,17.2068,"2020-02-01 00:00:00",NULL,1,11,1,6,574
768,1021.85,528.26,15.5011,"2013-04-01 00:00:00","2020-01-31 00:00:00",1,11,1,6,575
769,1092.67,528.26,16.2093,"2020-02-01 00:00:00",NULL,1,11,1,6,575
770,937.75,524.94,14.6269,"2013-04-01 00:00:00","2020-01-31 00:00:00",1,11,1,6,576
771,1002.75,524.94,15.2769,"2020-02-01 00:00:00",NULL,1,11,1,6,576
772,849.37,522.37,13.7174,"2013-04-01 00:00:00","2020-01-31 00:00:00",1,11,1,6,577
773,908.26,522.37,14.3063,"2020-02-01 00:00:00",NULL,1,11,1,6,577
774,779.81,520.51,13.0032,"2013-04-01 00:00:00","2020-01-31 00:00:00",1,11,1,6,578
775,833.86,520.51,13.5437,"2020-02-01 00:00:00",NULL,1,11,1,6,578
776,798.37,520.64,13.1901,"2013-04-01 00:00:00","2020-01-31 00:00:00",1,11,1,6,579
777,853.71,520.64,13.7435,"2020-02-01 00:00:00",NULL,1,11,1,6,579
778,700.05,518.45,12.185,"2013-04-01 00:00:00","2020-02-01 00:00:00",1,11,1,6,580
779,748.57,518.45,12.6702,"2020-02-01 00:00:00",NULL,1,11,1,6,580
780,1009.23,429.37,14.386,"2013-04-01 00:00:00",NULL,1,11,1,6,581
781,1072.31,456.2,15.2851,"2013-04-01 00:00:00",NULL,1,11,1,6,582
782,1135.39,483.04,16.1843,"2013-04-01 00:00:00",NULL,1,11,1,6,583
783,889.6,425.27,13.1487,"2013-04-01 00:00:00",NULL,1,11,1,6,584
784,945.2,451.85,13.9705,"2013-04-01 00:00:00",NULL,1,11,1,6,585
785,1000.8,478.43,14.7923,"2013-04-01 00:00:00",NULL,1,11,1,6,586
786,1056.4,505.01,15.6141,"2013-04-01 00:00:00",NULL,1,11,1,6,587
787,889.6,425.27,13.1487,"2013-04-01 00:00:00","2020-01-31 00:00:00",1,11,1,6,588
788,951.27,425.27,13.7654,"2020-02-01 00:00:00",NULL,1,11,1,6,588
789,945.2,451.85,13.9705,"2013-04-01 00:00:00","2020-01-31 00:00:00",1,11,1,6,589
790,1010.73,451.85,14.6258,"2020-02-01 00:00:00",NULL,1,11,1,6,589
791,1000.8,478.43,14.7923,"2013-04-01 00:00:00","2020-02-01 00:00:00",1,11,1,6,590
792,1070.18,478.43,15.4861,"2020-02-01 00:00:00",NULL,1,11,1,6,590
793,1056.4,505.01,15.6141,"2013-04-01 00:00:00","2020-02-01 00:00:00",1,11,1,6,591
794,1129.64,505.01,16.3465,"2020-02-01 00:00:00",NULL,1,11,1,6,591
795,817.48,422.61,12.4009,"2013-04-01 00:00:00",NULL,1,11,1,6,592
796,868.57,449.02,13.1759,"2013-04-01 00:00:00",NULL,1,11,1,6,593
797,919.67,475.43,13.951,"2013-04-01 00:00:00",NULL,1,11,1,6,594
798,970.76,501.85,14.7261,"2013-04-01 00:00:00",NULL,1,11,1,6,595
799,817.48,422.61,12.4009,"2013-04-01 00:00:00","2020-02-01 00:00:00",1,11,1,6,596
800,874.14,422.61,12.9675,"2020-02-01 00:00:00",NULL,1,11,1,6,596
801,868.57,449.02,13.1759,"2013-04-01 00:00:00","2020-02-01 00:00:00",1,11,1,6,597
802,928.77,449.02,13.7779,"2020-02-01 00:00:00",NULL,1,11,1,6,597
803,919.67,475.43,13.951,"2013-04-01 00:00:00","2020-02-01 00:00:00",1,11,1,6,598
804,983.4,475.43,14.5883,"2020-02-01 00:00:00",NULL,1,11,1,6,598
805,970.76,501.85,14.7261,"2013-04-01 00:00:00","2020-02-01 00:00:00",1,11,1,6,599
806,1038.04,501.85,15.3989,"2020-02-01 00:00:00",NULL,1,11,1,6,599
807,750.2,419.95,11.7015,"2013-04-01 00:00:00",NULL,1,11,1,6,600
808,797.09,446.2,12.4329,"2013-04-01 00:00:00",NULL,1,11,1,6,601
809,843.98,472.45,13.1643,"2013-04-01 00:00:00",NULL,1,11,1,6,602
810,890.86,498.69,13.8955,"2013-04-01 00:00:00",NULL,1,11,1,6,603
811,750.2,419.95,11.7015,"2013-04-01 00:00:00","2020-02-01 00:00:00",1,11,1,6,604
812,802.2,419.95,12.2215,"2020-02-01 00:00:00",NULL,1,11,1,6,604
813,797.09,446.2,12.4329,"2013-04-01 00:00:00","2020-02-01 00:00:00",1,11,1,6,605
814,852.34,446.2,12.9854,"2020-02-01 00:00:00",NULL,1,11,1,6,605
815,843.98,472.45,13.1643,"2013-04-01 00:00:00","2020-02-01 00:00:00",1,11,1,6,606
816,902.48,472.45,13.7493,"2020-02-01 00:00:00",NULL,1,11,1,6,606
817,890.86,498.69,13.8955,"2013-04-01 00:00:00","2020-02-01 00:00:00",1,11,1,6,607
818,952.61,498.69,14.513,"2020-02-01 00:00:00",NULL,1,11,1,6,607
819,679.5,417.9,10.974,"2013-04-01 00:00:00",NULL,1,11,1,6,608
820,721.96,444.01,11.6597,"2013-04-01 00:00:00",NULL,1,11,1,6,609
821,764.43,470.13,12.3456,"2013-04-01 00:00:00",NULL,1,11,1,6,610
822,679.5,417.9,10.974,"2013-04-01 00:00:00","2020-02-01 00:00:00",1,11,1,6,611
823,726.61,417.9,11.4451,"2020-02-01 00:00:00",NULL,1,11,1,6,611
824,721.96,444.01,11.6597,"2013-04-01 00:00:00","2020-02-01 00:00:00",1,11,1,6,612
825,772.02,444.01,12.1603,"2020-02-01 00:00:00",NULL,1,11,1,6,612
826,764.43,470.13,12.3456,"2013-04-01 00:00:00","2020-02-01 00:00:00",1,11,1,6,613
827,817.43,470.13,12.8756,"2020-02-01 00:00:00",NULL,1,11,1,6,613
828,623.85,416.41,10.4026,"2013-04-01 00:00:00",NULL,1,11,1,6,614
829,662.84,442.43,11.0527,"2013-04-01 00:00:00",NULL,1,11,1,6,615
830,623.85,416.41,10.4026,"2013-04-01 00:00:00","2020-02-01 00:00:00",1,11,1,6,616
831,667.09,416.41,10.835,"2020-02-01 00:00:00",NULL,1,11,1,6,616
832,662.84,442.43,11.0527,"2013-04-01 00:00:00","2020-02-01 00:00:00",1,11,1,6,617
833,708.78,442.43,11.5121,"2020-02-01 00:00:00",NULL,1,11,1,6,617
834,638.7,416.51,10.5521,"2013-04-01 00:00:00",NULL,1,11,1,6,618
835,678.61,442.54,11.2115,"2013-04-01 00:00:00",NULL,1,11,1,6,619
836,718.53,468.58,11.8711,"2013-04-01 00:00:00",NULL,1,11,1,6,620
837,638.7,416.51,10.5521,"2013-04-01 00:00:00","2020-02-01 00:00:00",1,11,1,6,621
838,682.97,416.51,10.9948,"2020-02-01 00:00:00",NULL,1,11,1,6,621
839,678.61,442.54,11.2115,"2013-04-01 00:00:00","2020-02-01 00:00:00",1,11,1,6,622
840,725.65,442.54,11.6819,"2020-02-01 00:00:00",NULL,1,11,1,6,622
841,718.53,468.58,11.8711,"2013-04-01 00:00:00","2020-02-01 00:00:00",1,11,1,6,623
842,768.34,468.58,12.3692,"2020-02-01 00:00:00",NULL,1,11,1,6,623
843,1233.63,434.16,16.6779,"2013-04-01 00:00:00",NULL,1,11,1,6,624
844,1310.73,461.3,17.7203,"2013-04-01 00:00:00",NULL,1,11,1,6,625
845,1387.84,488.43,18.7627,"2013-04-01 00:00:00",NULL,1,11,1,6,626
846,1113.99,430.07,15.4406,"2013-04-01 00:00:00",NULL,1,11,1,6,627
847,1183.62,456.95,16.4057,"2013-04-01 00:00:00",NULL,1,11,1,6,628
848,1253.24,483.83,17.3707,"2013-04-01 00:00:00",NULL,1,11,1,6,629
849,766.39,396.19,11.6258,"2013-04-01 00:00:00",NULL,1,11,1,6,630
850,817.48,422.61,12.4009,"2013-04-01 00:00:00",NULL,1,11,1,6,631
851,868.57,449.02,13.1759,"2013-04-01 00:00:00",NULL,1,11,1,6,632
852,919.67,475.43,13.951,"2013-04-01 00:00:00",NULL,1,11,1,6,633
853,703.31,393.7,10.9701,"2013-04-01 00:00:00",NULL,1,11,1,6,634
854,750.2,419.95,11.7015,"2013-04-01 00:00:00",NULL,1,11,1,6,635
855,797.09,446.2,12.4329,"2013-04-01 00:00:00",NULL,1,11,1,6,636
856,843.98,472.44,13.1642,"2013-04-01 00:00:00",NULL,1,11,1,6,637
857,637.03,391.78,10.2881,"2013-04-01 00:00:00",NULL,1,11,1,6,638
858,679.5,417.89,10.9739,"2013-04-01 00:00:00",NULL,1,11,1,6,639
859,721.96,444.01,11.6597,"2013-04-01 00:00:00",NULL,1,11,1,6,640
860,764.43,470.13,12.3456,"2013-04-01 00:00:00",NULL,1,11,1,6,641
861,584.86,390.38,9.7524,"2013-04-01 00:00:00",NULL,1,11,1,6,642
862,623.85,416.41,10.4026,"2013-04-01 00:00:00",NULL,1,11,1,6,643
863,598.78,390.48,9.8926,"2013-04-01 00:00:00",NULL,1,11,1,6,644
864,638.7,416.51,10.5521,"2013-04-01 00:00:00",NULL,1,11,1,6,645
865,889.6,425.27,13.1487,"2013-04-01 00:00:00",NULL,1,11,1,6,646
866,945.2,451.85,13.9705,"2013-04-01 00:00:00",NULL,1,11,1,6,647
867,1000.8,478.43,14.7923,"2013-04-01 00:00:00",NULL,1,11,1,6,648
868,1056.4,505.01,15.6141,"2013-04-01 00:00:00",NULL,1,11,1,6,649
869,817.48,422.61,12.4009,"2013-04-01 00:00:00",NULL,1,11,1,6,650
870,868.57,449.02,13.1759,"2013-04-01 00:00:00",NULL,1,11,1,6,651
871,919.67,475.43,13.951,"2013-04-01 00:00:00",NULL,1,11,1,6,652
872,970.76,501.85,14.7261,"2013-04-01 00:00:00",NULL,1,11,1,6,653
873,750.2,419.95,11.7015,"2013-04-01 00:00:00",NULL,1,11,1,6,654
874,797.09,446.2,12.4329,"2013-04-01 00:00:00",NULL,1,11,1,6,655
875,843.98,472.44,13.1642,"2013-04-01 00:00:00",NULL,1,11,1,6,656
876,890.86,498.69,13.8955,"2013-04-01 00:00:00",NULL,1,11,1,6,657
877,679.5,417.89,10.9739,"2013-04-01 00:00:00",NULL,1,11,1,6,658
878,721.96,444.01,11.6597,"2013-04-01 00:00:00",NULL,1,11,1,6,659
879,764.43,470.13,12.3456,"2013-04-01 00:00:00",NULL,1,11,1,6,660
880,623.85,416.41,10.4026,"2013-04-01 00:00:00",NULL,1,11,1,6,661
881,662.84,442.43,11.0527,"2013-04-01 00:00:00",NULL,1,11,1,6,662
882,638.7,416.51,10.5521,"2013-04-01 00:00:00",NULL,1,11,1,6,663
883,678.61,442.54,11.2115,"2013-04-01 00:00:00",NULL,1,11,1,6,664
884,718.53,468.57,11.871,"2013-04-01 00:00:00",NULL,1,11,1,6,665
885,1542.04,542.7,20.8474,"2013-04-10 00:00:00",NULL,1,11,1,6,666
886,1392.49,537.59,19.3008,"2013-04-10 00:00:00",NULL,1,11,1,6,667
887,1261.54,536.71,17.9825,"2013-04-10 00:00:00",NULL,1,11,1,6,668
888,1112,531.59,16.4359,"2013-04-10 00:00:00",NULL,1,11,1,6,669
889,1021.85,528.26,15.5011,"2013-04-10 00:00:00",NULL,1,11,1,6,670
890,937.75,524.94,14.6269,"2013-04-10 00:00:00",NULL,1,11,1,6,671
891,849.38,522.37,13.7175,"2013-04-10 00:00:00",NULL,1,11,1,6,672
892,779.81,520.51,13.0032,"2013-04-10 00:00:00",NULL,1,11,1,6,673
893,798.37,520.64,13.1901,"2013-04-10 00:00:00",NULL,1,11,1,6,674
894,700.05,518.45,12.185,"2013-04-10 00:00:00",NULL,1,11,1,6,675
895,889.6,425.27,13.1487,"2013-04-10 00:00:00",NULL,1,11,1,6,676
896,945.2,451.85,13.9705,"2013-04-10 00:00:00",NULL,1,11,1,6,677
897,1000.8,478.43,14.7923,"2013-04-10 00:00:00",NULL,1,11,1,6,678
898,1056.4,505.01,15.6141,"2013-04-10 00:00:00",NULL,1,11,1,6,679
899,889.6,425.27,13.1487,"2013-04-10 00:00:00",NULL,1,11,1,6,680
900,945.2,451.85,13.9705,"2013-04-10 00:00:00",NULL,1,11,1,6,681
901,1000.8,478.43,14.7923,"2013-04-10 00:00:00",NULL,1,11,1,6,682
902,1056.4,505.01,15.6141,"2013-04-10 00:00:00",NULL,1,11,1,6,683
903,817.48,422.61,12.4009,"2013-04-10 00:00:00",NULL,1,11,1,6,684
904,868.57,449.02,13.1759,"2013-04-10 00:00:00",NULL,1,11,1,6,685
905,919.67,475.43,13.951,"2013-04-10 00:00:00",NULL,1,11,1,6,686
906,970.76,501.85,14.7261,"2013-04-10 00:00:00",NULL,1,11,1,6,687
907,817.48,422.61,12.4009,"2013-04-10 00:00:00",NULL,1,11,1,6,688
908,868.57,449.02,13.1759,"2013-04-10 00:00:00",NULL,1,11,1,6,689
909,919.67,475.43,13.951,"2013-04-10 00:00:00",NULL,1,11,1,6,690
910,970.76,501.85,14.7261,"2013-04-10 00:00:00",NULL,1,11,1,6,691
911,750.2,419.95,11.7015,"2013-04-10 00:00:00",NULL,1,11,1,6,692
912,797.09,446.2,12.4329,"2013-04-10 00:00:00",NULL,1,11,1,6,693
913,843.98,472.45,13.1643,"2013-04-10 00:00:00",NULL,1,11,1,6,694
914,890.86,498.69,13.8955,"2013-04-10 00:00:00",NULL,1,11,1,6,695
915,750.2,419.95,11.7015,"2013-04-10 00:00:00",NULL,1,11,1,6,696
916,797.09,446.2,12.4329,"2013-04-10 00:00:00",NULL,1,11,1,6,697
917,843.98,472.45,13.1643,"2013-04-10 00:00:00",NULL,1,11,1,6,698
918,890.86,498.69,13.8955,"2013-04-10 00:00:00",NULL,1,11,1,6,699
919,679.5,417.9,10.974,"2013-04-10 00:00:00",NULL,1,11,1,6,700
920,721.97,444.01,11.6598,"2013-04-10 00:00:00",NULL,1,11,1,6,701
921,764.44,470.13,12.3457,"2013-04-10 00:00:00",NULL,1,11,1,6,702
922,679.5,417.9,10.974,"2013-04-10 00:00:00",NULL,1,11,1,6,703
923,721.97,444.01,11.6598,"2013-04-10 00:00:00",NULL,1,11,1,6,704
924,764.44,470.13,12.3457,"2013-04-10 00:00:00",NULL,1,11,1,6,705
925,623.85,416.41,10.4026,"2013-04-10 00:00:00",NULL,1,11,1,6,706
926,662.84,442.43,11.0527,"2013-04-10 00:00:00",NULL,1,11,1,6,707
927,623.85,416.41,10.4026,"2013-04-10 00:00:00",NULL,1,11,1,6,708
928,662.84,442.43,11.0527,"2013-04-10 00:00:00",NULL,1,11,1,6,709
929,638.7,416.51,10.5521,"2013-04-10 00:00:00",NULL,1,11,1,6,710
930,678.61,442.54,11.2115,"2013-04-10 00:00:00",NULL,1,11,1,6,711
931,718.53,468.58,11.8711,"2013-04-10 00:00:00",NULL,1,11,1,6,712
932,638.7,416.51,10.5521,"2013-04-10 00:00:00",NULL,1,11,1,6,713
933,678.61,442.54,11.2115,"2013-04-10 00:00:00",NULL,1,11,1,6,714
934,718.53,468.58,11.8711,"2013-04-10 00:00:00",NULL,1,11,1,6,715
935,1233.63,434.16,16.6779,"2013-04-10 00:00:00",NULL,1,11,1,6,716
936,1310.73,461.3,17.7203,"2013-04-10 00:00:00",NULL,1,11,1,6,717
937,1387.84,488.43,18.7627,"2013-04-10 00:00:00",NULL,1,11,1,6,718
938,1113.99,430.07,15.4406,"2013-04-10 00:00:00",NULL,1,11,1,6,719
939,1183.62,456.95,16.4057,"2013-04-10 00:00:00",NULL,1,11,1,6,720
940,1253.24,483.83,17.3707,"2013-04-10 00:00:00",NULL,1,11,1,6,721
941,1009.23,429.37,14.386,"2013-04-10 00:00:00",NULL,1,11,1,6,722
942,1072.31,456.2,15.2851,"2013-04-10 00:00:00",NULL,1,11,1,6,723
943,1135.39,483.04,16.1843,"2013-04-10 00:00:00",NULL,1,11,1,6,724
944,766.39,396.19,11.6258,"2013-04-10 00:00:00",NULL,1,11,1,6,725
945,817.48,422.61,12.4009,"2013-04-10 00:00:00",NULL,1,11,1,6,726
946,868.57,449.02,13.1759,"2013-04-10 00:00:00",NULL,1,11,1,6,727
947,919.67,475.43,13.951,"2013-04-10 00:00:00",NULL,1,11,1,6,728
948,703.31,393.7,10.9701,"2013-04-10 00:00:00",NULL,1,11,1,6,729
949,750.2,419.95,11.7015,"2013-04-10 00:00:00",NULL,1,11,1,6,730
950,797.09,446.2,12.4329,"2013-04-10 00:00:00",NULL,1,11,1,6,731
951,703.31,393.7,10.9701,"2013-04-10 00:00:00",NULL,1,11,1,6,732
952,750.2,419.95,11.7015,"2013-04-10 00:00:00",NULL,1,11,1,6,733
953,797.09,446.2,12.4329,"2013-04-10 00:00:00",NULL,1,11,1,6,734
954,843.98,472.44,13.1642,"2013-04-10 00:00:00",NULL,1,11,1,6,735
955,637.04,391.78,10.2882,"2013-04-10 00:00:00",NULL,1,11,1,6,736
956,679.5,417.89,10.9739,"2013-04-10 00:00:00",NULL,1,11,1,6,737
957,721.97,444.01,11.6598,"2013-04-10 00:00:00",NULL,1,11,1,6,738
958,598.78,390.48,9.8926,"2013-04-10 00:00:00",NULL,1,11,1,6,739
959,638.7,416.51,10.5521,"2013-04-10 00:00:00",NULL,1,11,1,6,740
960,584.86,390.38,9.7524,"2013-04-10 00:00:00",NULL,1,11,1,6,741
961,623.85,416.41,10.4026,"2013-04-10 00:00:00",NULL,1,11,1,6,742
962,889.6,425.27,13.1487,"2013-04-10 00:00:00",NULL,1,11,1,6,743
963,945.2,451.85,13.9705,"2013-04-10 00:00:00",NULL,1,11,1,6,744
964,1000.8,478.43,14.7923,"2013-04-10 00:00:00",NULL,1,11,1,6,745
965,1056.4,505.01,15.6141,"2013-04-10 00:00:00",NULL,1,11,1,6,746
966,817.48,422.61,12.4009,"2013-04-10 00:00:00",NULL,1,11,1,6,747
967,868.57,449.02,13.1759,"2013-04-10 00:00:00",NULL,1,11,1,6,748
968,919.67,475.43,13.951,"2013-04-10 00:00:00",NULL,1,11,1,6,749
969,970.76,501.85,14.7261,"2013-04-10 00:00:00",NULL,1,11,1,6,750
970,750.2,419.95,11.7015,"2013-04-10 00:00:00",NULL,1,11,1,6,751
971,797.09,446.2,12.4329,"2013-04-10 00:00:00",NULL,1,11,1,6,752
972,843.98,472.44,13.1642,"2013-04-10 00:00:00",NULL,1,11,1,6,753
973,890.86,498.69,13.8955,"2013-04-10 00:00:00",NULL,1,11,1,6,754
974,679.5,417.89,10.9739,"2013-04-10 00:00:00",NULL,1,11,1,6,755
975,721.97,444.01,11.6598,"2013-04-10 00:00:00",NULL,1,11,1,6,756
976,764.44,470.13,12.3457,"2013-04-10 00:00:00",NULL,1,11,1,6,757
977,623.85,416.41,10.4026,"2013-04-10 00:00:00",NULL,1,11,1,6,758
978,662.84,442.43,11.0527,"2013-04-10 00:00:00",NULL,1,11,1,6,759
979,638.7,416.51,10.5521,"2013-04-10 00:00:00",NULL,1,11,1,6,760
980,678.61,442.54,11.2115,"2013-04-10 00:00:00",NULL,1,11,1,6,761
981,718.53,468.58,11.8711,"2013-04-10 00:00:00",NULL,1,11,1,6,762
982,1548.04,542.7,20.9074,"2013-04-01 00:00:00",NULL,1,11,1,6,763
983,1398.49,537.59,19.3608,"2013-04-01 00:00:00",NULL,1,11,1,6,764
984,1267.55,536.71,18.0426,"2013-04-01 00:00:00",NULL,1,11,1,6,765
985,1118,531.59,16.4959,"2013-04-01 00:00:00",NULL,1,11,1,6,766
986,1027.84,528.26,15.561,"2013-04-01 00:00:00",NULL,1,11,1,6,767
987,943.65,524.94,14.6859,"2013-04-01 00:00:00",NULL,1,11,1,6,768
988,855.38,522.37,13.7775,"2013-04-01 00:00:00",NULL,1,11,1,6,769
989,804.36,520.64,13.25,"2013-04-01 00:00:00",NULL,1,11,1,6,770
990,706.06,518.45,12.2451,"2013-04-01 00:00:00",NULL,1,11,1,6,771
991,770.88,396.2,11.6708,"2013-04-01 00:00:00",NULL,1,11,1,6,772
992,822.27,422.61,12.4488,"2013-04-01 00:00:00",NULL,1,11,1,6,773
993,873.66,449.02,13.2268,"2013-04-01 00:00:00",NULL,1,11,1,6,774
994,925.06,475.43,14.0049,"2013-04-01 00:00:00",NULL,1,11,1,6,775
995,707.74,393.71,11.0145,"2013-04-01 00:00:00",NULL,1,11,1,6,776
996,754.92,419.95,11.7487,"2013-04-01 00:00:00",NULL,1,11,1,6,777
997,802.1,446.2,12.483,"2013-04-01 00:00:00",NULL,1,11,1,6,778
998,707.74,393.71,11.0145,"2013-04-01 00:00:00",NULL,1,11,1,6,779
999,754.92,419.95,11.7487,"2013-04-01 00:00:00",NULL,1,11,1,6,780
1000,802.1,446.2,12.483,"2013-04-01 00:00:00",NULL,1,11,1,6,781
1001,849.29,472.45,13.2174,"2013-04-01 00:00:00",NULL,1,11,1,6,782
1002,641.54,391.78,10.3332,"2013-04-01 00:00:00",NULL,1,11,1,6,783
1003,684.3,417.9,11.022,"2013-04-01 00:00:00",NULL,1,11,1,6,784
1004,727.07,444.01,11.7108,"2013-04-01 00:00:00",NULL,1,11,1,6,785
1005,603.27,390.48,9.9375,"2013-04-01 00:00:00",NULL,1,11,1,6,786
1006,643.49,416.51,10.6,"2013-04-01 00:00:00",NULL,1,11,1,6,787
1007,1027.84,528.26,15.561,"2013-04-01 00:00:00",NULL,1,11,1,6,788
1008,1118,531.59,16.4959,"2013-04-01 00:00:00",NULL,1,11,1,6,789
1009,943.65,524.94,14.6859,"2013-04-01 00:00:00",NULL,1,11,1,6,790
1010,1027.84,528.26,15.561,"2013-04-01 00:00:00",NULL,1,11,1,6,791
1011,855.38,522.37,13.7775,"2013-04-01 00:00:00",NULL,1,11,1,6,792
1012,943.65,524.94,14.6859,"2013-04-01 00:00:00",NULL,1,11,1,6,793
1013,804.36,520.64,13.25,"2013-04-01 00:00:00",NULL,1,11,1,6,794
1014,855.38,522.37,13.7775,"2013-04-01 00:00:00",NULL,1,11,1,6,795
1015,706.06,518.45,12.2451,"2013-04-01 00:00:00",NULL,1,11,1,6,796
1016,804.36,520.64,13.25,"2013-04-01 00:00:00",NULL,1,11,1,6,797
1017,943.65,524.94,14.6859,"2013-04-01 00:00:00",NULL,1,11,1,6,798
1018,855.38,522.37,13.7775,"2013-04-01 00:00:00",NULL,1,11,1,6,799
1019,804.36,520.64,13.25,"2013-04-01 00:00:00",NULL,1,11,1,6,800
1020,706.06,518.45,12.2451,"2013-04-01 00:00:00",NULL,1,11,1,6,801
1021,706.06,518.45,12.2451,"2013-04-01 00:00:00",NULL,1,11,1,6,802
1022,1875.46,0,18.7546,"2014-02-01 00:00:00","2023-05-31 00:00:00",1,11,1,6,803
1023,1631.18,0,16.3118,"2014-02-01 00:00:00","2015-02-01 00:00:00",1,11,1,6,804
1024,1662.61,0,16.6261,"2015-02-01 00:00:00","2023-05-31 00:00:00",1,11,1,6,804
1025,1772.6,0,17.726,"2023-06-01 00:00:00","2024-05-31 00:00:00",1,11,1,6,804
1026,1811.89,0,18.1189,"2024-06-01 00:00:00","2025-05-31 00:00:00",1,11,1,6,804
1027,1851.17,0,18.5117,"2025-06-01 00:00:00","2025-11-30 00:00:00",0,11,1,6,804
1028,1531.81,0,15.3181,"2014-02-01 00:00:00","2015-02-01 00:00:00",1,11,1,6,805
1029,1560.38,0,15.6038,"2015-02-01 00:00:00","2023-05-31 00:00:00",1,11,1,6,805
1030,1660.39,0,16.6039,"2023-06-01 00:00:00","2024-05-31 00:00:00",1,11,1,6,805
1031,1696.1,0,16.961,"2024-06-01 00:00:00","2025-05-31 00:00:00",1,11,1,6,805
1032,1731.82,0,17.3182,"2025-06-01 00:00:00","2025-11-30 00:00:00",0,11,1,6,805
1033,1375.31,0,13.7531,"2014-02-01 00:00:00","2015-02-01 00:00:00",1,11,1,6,806
1034,1399.31,0,13.9931,"2015-02-01 00:00:00","2023-05-31 00:00:00",1,11,1,6,806
1035,1483.31,0,14.8331,"2023-06-01 00:00:00","2024-05-31 00:00:00",1,11,1,6,806
1036,1513.31,0,15.1331,"2024-06-01 00:00:00","2025-05-31 00:00:00",1,11,1,6,806
1037,1543.31,0,15.4331,"2025-06-01 00:00:00","2025-11-30 00:00:00",0,11,1,6,806
1038,1238.88,0,12.3888,"2014-02-01 00:00:00","2014-02-01 00:00:00",0,11,0,6,807
1039,1258.88,0,12.5888,"2015-02-01 00:00:00","2023-05-31 00:00:00",1,11,1,6,807
1040,1238.88,0,12.3888,"2014-02-01 00:00:00","2015-02-01 00:00:00",1,11,1,6,807
1041,1328.88,0,13.2888,"2023-06-01 00:00:00","2024-05-31 00:00:00",1,11,1,6,807
1042,1353.88,0,13.5388,"2024-06-01 00:00:00","2025-05-31 00:00:00",1,11,1,6,807
1043,1388.88,0,13.8888,"2025-06-01 00:00:00","2025-11-30 00:00:00",0,11,1,6,807
1044,1177,0,11.77,"2014-02-01 00:00:00","2015-02-01 00:00:00",1,11,1,6,808
1045,1195.87,0,11.9587,"2015-02-01 00:00:00","2023-05-31 00:00:00",1,11,1,6,808
1046,1261.86,0,12.6186,"2023-06-01 00:00:00","2024-05-31 00:00:00",1,11,1,6,808
1047,1285.44,0,12.8544,"2024-06-01 00:00:00","2025-05-31 00:00:00",1,11,1,6,808
1048,1318.44,0,13.1844,"2025-06-01 00:00:00","2025-11-30 00:00:00",0,11,1,6,808
1049,1043.76,0,10.4376,"2014-02-01 00:00:00","2015-02-01 00:00:00",1,11,1,6,809
1050,1058.06,0,10.5806,"2015-02-01 00:00:00","2023-05-31 00:00:00",1,11,1,6,809
1051,1108.05,0,11.0805,"2023-06-01 00:00:00","2024-05-31 00:00:00",1,11,1,6,809
1052,1185.44,0,11.8544,"2024-06-01 00:00:00","2025-05-31 00:00:00",1,11,1,6,809
1053,1218.44,0,12.1844,"2025-06-01 00:00:00","2025-11-30 00:00:00",0,11,1,6,809
1054,1398.57,0,13.9857,"2014-02-01 00:00:00","2023-05-31 00:00:00",1,11,1,6,810
1055,1559.99,0,15.5999,"2023-06-01 00:00:00","2024-05-31 00:00:00",1,11,1,6,810
1056,1599.28,0,15.9928,"2024-06-01 00:00:00","2025-05-31 00:00:00",1,11,1,6,810
1057,1638.56,0,16.3856,"2025-06-01 00:00:00","2025-11-30 00:00:00",0,11,1,6,810
1058,1271.42,0,12.7142,"2014-02-01 00:00:00","2023-05-31 00:00:00",1,11,1,6,811
1059,1420,0,14.2,"2023-06-01 00:00:00","2024-05-31 00:00:00",1,11,1,6,811
1060,1455.71,0,14.5571,"2024-06-01 00:00:00","2025-05-31 00:00:00",1,11,1,6,811
1061,1491.43,0,14.9143,"2025-06-01 00:00:00","2025-11-30 00:00:00",0,11,1,6,811
1062,1068,0,10.68,"2014-02-01 00:00:00","2023-05-31 00:00:00",1,11,1,6,812
1063,1196,0,11.96,"2023-06-01 00:00:00","2024-05-31 00:00:00",1,11,1,6,812
1064,1226,0,12.26,"2024-06-01 00:00:00","2025-05-31 00:00:00",1,11,1,6,812
1065,1256,0,12.56,"2025-06-01 00:00:00","2025-11-30 00:00:00",0,11,1,6,812
1066,890,0,8.9,"2014-02-01 00:00:00","2023-05-31 00:00:00",1,11,1,6,813
1067,1000,0,10,"2023-06-01 00:00:00","2023-12-31 00:00:00",0,11,1,6,813
1068,1025,0,10.25,"2024-01-01 00:00:00","2024-07-01 00:00:00",0,11,0,6,813
1069,1050,0,10.5,"2025-06-01 00:00:00","2025-11-30 00:00:00",0,11,1,6,813
1070,839.15,0,8.3915,"2014-02-01 00:00:00","2023-05-31 00:00:00",1,11,1,6,814
1071,944,0,9.44,"2023-06-01 00:00:00","2024-05-31 00:00:00",1,11,1,6,814
1072,967.57,0,9.6757,"2024-06-01 00:00:00","2025-05-31 00:00:00",1,11,1,6,814
1073,991.15,0,9.9115,"2025-06-01 00:00:00","2025-11-30 00:00:00",0,11,1,6,814
1074,762.85,0,7.6285,"2014-02-01 00:00:00","2023-05-31 00:00:00",1,11,1,6,815
1075,1302.04,0,13.0204,"2014-02-01 00:00:00",NULL,1,11,1,6,816
1076,1169.01,0,11.6901,"2014-02-01 00:00:00",NULL,1,11,1,6,817
1077,1053.05,0,10.5305,"2014-02-01 00:00:00",NULL,1,11,1,6,818
1078,1000.45,0,10.0045,"2014-02-01 00:00:00",NULL,1,11,1,6,819
1079,887.2,0,8.872,"2014-02-01 00:00:00",NULL,1,11,1,6,820
1080,1375.31,0,13.7531,"2014-02-01 00:00:00",NULL,1,11,1,6,821
1081,1449.32,0,14.4932,"2014-02-01 00:00:00",NULL,1,11,1,6,822
1082,1531.81,0,15.3181,"2014-02-01 00:00:00",NULL,1,11,1,6,823
1083,1238.88,0,12.3888,"2014-02-01 00:00:00",NULL,1,11,1,6,824
1084,1301.81,0,13.0181,"2014-02-01 00:00:00",NULL,1,11,1,6,825
1085,1375.31,0,13.7531,"2014-02-01 00:00:00",NULL,1,11,1,6,826
1086,1043.76,0,10.4376,"2014-02-01 00:00:00",NULL,1,11,1,6,827
1087,1177,0,11.77,"2014-02-01 00:00:00",NULL,1,11,1,6,828
1088,1238.88,0,12.3888,"2014-02-01 00:00:00",NULL,1,11,1,6,829
1089,1043.76,0,10.4376,"2014-02-01 00:00:00",NULL,1,11,1,6,830
1090,1177,0,11.77,"2014-02-01 00:00:00",NULL,1,11,1,6,831
1091,1043.76,0,10.4376,"2014-02-01 00:00:00",NULL,1,11,1,6,832
1092,0,0,0,"2020-01-01 00:00:00",NULL,1,11,1,6,833
1093,0,0,10,"2020-01-01 00:00:00",NULL,1,11,1,6,834
1094,0,0,10.5,"2020-01-01 00:00:00",NULL,1,11,1,6,835
1095,0,0,11,"2020-01-01 00:00:00",NULL,1,11,1,6,836
1096,0,0,11.5,"2020-01-01 00:00:00",NULL,1,11,1,6,837
1097,0,0,12,"2020-01-01 00:00:00",NULL,1,11,1,6,838
1098,0,0,12.5,"2020-01-01 00:00:00",NULL,1,11,1,6,839
1099,0,0,13,"2020-01-01 00:00:00",NULL,1,11,1,6,840
1100,0,0,13.5,"2020-01-01 00:00:00",NULL,1,11,1,6,841
1101,0,0,14,"2020-01-01 00:00:00",NULL,1,11,1,6,842
1102,0,0,14.5,"2020-01-01 00:00:00",NULL,1,11,1,6,843
1103,0,0,15,"2020-01-01 00:00:00",NULL,1,11,1,6,844
1104,0,0,15.5,"2020-01-01 00:00:00",NULL,1,11,1,6,845
1105,0,0,16,"2020-01-01 00:00:00",NULL,1,11,1,6,846
1106,0,0,16.5,"2020-01-01 00:00:00",NULL,1,11,1,6,847
1107,0,0,17,"2020-01-01 00:00:00",NULL,1,11,1,6,848
1108,0,0,17.5,"2020-01-01 00:00:00",NULL,1,11,1,6,849
1109,0,0,18,"2020-01-01 00:00:00",NULL,1,11,1,6,850
1110,0,0,18.5,"2020-01-01 00:00:00",NULL,1,11,1,6,851
1111,0,0,19,"2020-01-01 00:00:00",NULL,1,11,1,6,852
1112,0,0,19.5,"2020-01-01 00:00:00",NULL,1,11,1,6,853
1113,0,0,20,"2020-01-01 00:00:00",NULL,1,11,1,6,854
1114,0,0,20.5,"2020-01-01 00:00:00",NULL,1,11,1,6,855
1115,0,0,21,"2020-01-01 00:00:00",NULL,1,11,1,6,856
1116,0,0,21.5,"2020-01-01 00:00:00",NULL,1,11,1,6,857
1117,0,0,22,"2020-01-01 00:00:00",NULL,1,11,1,6,858
1118,0,0,22.5,"2020-01-01 00:00:00",NULL,1,11,1,6,859
1119,0,0,23,"2020-01-01 00:00:00",NULL,1,11,1,6,860
1120,0,0,23.5,"2020-01-01 00:00:00",NULL,1,11,1,6,861
1121,0,0,24,"2020-01-01 00:00:00",NULL,1,11,1,6,862
1122,0,0,24.5,"2020-01-01 00:00:00",NULL,1,11,1,6,863
1123,0,0,26,"2020-01-01 00:00:00",NULL,1,11,1,6,864
1124,0,0,26.5,"2020-01-01 00:00:00",NULL,1,11,1,6,865
1125,0,0,27,"2020-01-01 00:00:00",NULL,1,11,1,6,866
1126,0,0,28,"2020-01-01 00:00:00",NULL,1,11,1,6,867
1127,0,0,29,"2020-01-01 00:00:00",NULL,1,11,1,6,868
1128,0,0,30,"2020-01-01 00:00:00",NULL,1,11,1,6,869
1129,0,0,31.5,"2020-01-01 00:00:00",NULL,1,11,1,6,870
1130,0,0,32,"2020-01-01 00:00:00",NULL,1,11,1,6,871
1131,0,0,33,"2020-01-01 00:00:00",NULL,1,11,1,6,872
1132,0,0,35,"2020-01-01 00:00:00",NULL,1,11,1,6,873
1133,0,0,36,"2020-01-01 00:00:00",NULL,1,11,1,6,874
1134,0,0,36.5,"2020-01-01 00:00:00",NULL,1,11,1,6,875
1135,0,0,4,"2020-01-01 00:00:00",NULL,1,11,1,6,876
1136,0,0,40,"2020-01-01 00:00:00",NULL,1,11,1,6,877
1137,0,0,45,"2020-01-01 00:00:00",NULL,1,11,1,6,878
1138,0,0,48,"2020-01-01 00:00:00",NULL,1,11,1,6,879
1139,0,0,6,"2020-01-01 00:00:00",NULL,1,11,1,6,880
1140,0,0,7,"2020-01-01 00:00:00",NULL,1,11,1,6,881
1141,0,0,7.5,"2020-01-01 00:00:00",NULL,1,11,1,6,882
1142,0,0,8,"2020-01-01 00:00:00",NULL,1,11,1,6,883
1143,0,0,8.5,"2020-01-01 00:00:00",NULL,1,11,1,6,884
1144,0,0,9,"2020-01-01 00:00:00",NULL,1,11,1,6,885
1145,0,0,9.5,"2020-01-01 00:00:00",NULL,1,11,1,6,886
1146,1246.73,0,12.4673,"2025-12-01 00:00:00","2026-03-31 00:00:00",1,11,0,6,809
1147,1293.87,0,12.9387,"2026-04-01 00:00:00","2026-11-30 00:00:00",0,11,1,6,809
1148,1350.44,0,13.5044,"2026-12-01 00:00:00","2029-11-30 00:00:00",1,11,1,6,809
1149,1346.73,0,13.4673,"2025-12-01 00:00:00","2026-03-30 00:00:00",1,11,0,6,808
1150,1393.87,0,13.9387,"2026-04-01 00:00:00","2026-11-30 00:00:00",0,11,1,6,808
1151,1450.44,0,41.5044,"2026-12-01 00:00:00","2029-11-30 00:00:00",1,11,1,6,808
1152,1418.88,0,14.1888,"2025-12-01 00:00:00","2026-03-31 00:00:00",1,11,0,6,807
1153,1468.88,0,14.6888,"2026-04-01 00:00:00","2026-11-30 00:00:00",0,11,1,6,807
1154,1528.88,0,15.2888,"2026-12-01 00:00:00","2029-11-30 00:00:00",1,11,1,6,807
